AIRLINE,ORIGIN_AIRPORT,DESTINATION_AIRPORT,ARRIVAL_DELAY
AA,PHX,MIA,29.0
AA,TPA,CLT,-9.0
AA,PHL,IAH,-6.0
AA,CLT,MIA,10.0
AS,FAI,ANC,-9.0
AS,JNU,SEA,-1.0
AS,LAX,SEA,-25.0
DL,PBI,LGA,-22.0
EV,TYS,ATL,6.0
MQ,JAN,DFW,-21.0
UA,PHX,DEN,-22.0
DL,ATL,SAT,120.0
OO,SMF,LAX,-15.0
EV,OMA,IAH,-15.0
NK,MYR,LGA,-7.0
OO,FCA,DEN,-19.0
UA,DEN,SFO,-18.0
MQ,RST,ORD,-22.0
OO,LAX,BOI,-2.0
UA,MSY,EWR,-22.0
AA,BNA,DFW,-12.0
AA,CLT,JFK,1.0
B6,LAS,LGB,-11.0
B6,STT,SJU,31.0
DL,MSP,DEN,-8.0
DL,LAX,DTW,-28.0
DL,PHX,SLC,-6.0
DL,TUS,ATL,-19.0
DL,LGA,DEN,-1.0
DL,LGA,PBI,33.0
DL,MSP,SLC,-17.0
DL,RIC,ATL,-14.0
EV,BTV,EWR,-9.0
EV,IND,IAH,14.0
EV,TRI,ATL,-4.0
EV,BTR,IAH,-6.0
F9,MCO,DEN,2.0
F9,PHL,TPA,-23.0
HA,HNL,OAK,-28.0
MQ,RAP,DFW,-21.0
MQ,CID,ORD,-14.0
OO,ASE,ORD,-10.0
OO,MSP,FSD,0.0
UA,STT,EWR,16.0
UA,IAH,MIA,37.0
UA,CLE,EWR,-5.0
WN,DAL,MDW,-22.0
WN,DEN,PDX,-25.0
WN,BUR,OAK,1.0
WN,BWI,LAS,6.0
WN,SMF,LAX,35.0
WN,SNA,DEN,13.0
WN,SNA,HOU,10.0
WN,DEN,SNA,-14.0
WN,ISP,BWI,25.0
WN,LAS,GEG,12.0
WN,LAS,RNO,0.0
WN,LAS,SAN,55.0
WN,LAX,DAL,19.0
WN,LAX,DEN,11.0
WN,LGA,ATL,-29.0
WN,MCI,ABQ,-3.0
WN,MDW,DCA,-15.0
WN,MDW,EWR,15.0
WN,MKE,BWI,0.0
WN,MSY,LAS,3.0
WN,PHX,GEG,3.0
WN,SLC,BWI,-11.0
AA,DFW,SFO,-8.0
AA,LGA,ORD,-25.0
AA,LAS,DFW,-2.0
AA,LAX,AUS,-20.0
AA,DFW,COS,4.0
AA,BOS,DFW,12.0
AA,LAX,DFW,-16.0
AA,STL,PHX,-1.0
AA,CLT,PHX,-2.0
AA,DSM,PHX,48.0
AA,PHL,ORD,34.0
AA,CLT,LGA,-4.0
AA,SNA,DFW,-12.0
B6,DCA,PBI,3.0
B6,RSW,BDL,-6.0
B6,BOS,PBI,-9.0
AS,OGG,BLI,-33.0
AS,LIH,SEA,147.0
AS,KOA,OAK,-22.0
MQ,COU,DFW,-10.0
OO,DLH,ORD,81.0
UA,DEN,IAH,-6.0
AA,ORD,DFW,-20.0
B6,JFK,BUF,-8.0
B6,SJU,FLL,239.0
EV,LRD,DFW,-21.0
EV,ORD,TYS,-5.0
MQ,DFW,LBB,13.0
NK,RSW,ORD,16.0
AA,TPA,DFW,-19.0
AA,RIC,CLT,3.0
EV,ORD,CAK,-18.0
MQ,GRR,ORD,-22.0
EV,BDL,MSP,5.0
MQ,ASE,DFW,-8.0
UA,LAS,SFO,-16.0
AA,TUL,DFW,-9.0
DL,LGA,MSP,-5.0
MQ,BNA,ORD,4.0
OO,LAX,ASE,-30.0
UA,RSW,EWR,-23.0
AA,SAT,DFW,-11.0
AA,SDF,DFW,-1.0
AA,ORD,AUS,-10.0
AA,CLT,BDL,-7.0
B6,SFO,LGB,35.0
B6,JFK,LGB,-8.0
B6,EWR,FLL,37.0
B6,BOS,RSW,8.0
DL,STT,JFK,-2.0
DL,LAX,SEA,-21.0
DL,BOS,MSP,-4.0
DL,MSP,PHX,-10.0
DL,ORD,ATL,-17.0
DL,DCA,MSP,23.0
DL,MCO,ATL,4.0
EV,ALB,EWR,-14.0
EV,IAH,GRK,17.0
EV,MCI,IAH,0.0
EV,BOS,EWR,2.0
EV,IAH,MSP,-36.0
EV,ECP,IAH,-13.0
EV,PHF,ATL,-11.0
EV,IAH,AMA,7.0
F9,DEN,DFW,-10.0
F9,SFO,PHX,-8.0
F9,LAS,IAH,-6.0
HA,HNL,SMF,-16.0
NK,MSY,DFW,13.0
EV,EWR,PWM,114.0
NK,DTW,MCO,-5.0
OO,FLG,PHX,-11.0
OO,TUS,PHX,-9.0
OO,ABQ,SLC,-28.0
OO,OMA,SLC,-10.0
OO,FCA,SLC,-29.0
OO,SFO,TUS,-15.0
OO,ICT,MSP,-15.0
OO,BZN,SLC,-16.0
OO,GTF,DEN,-14.0
OO,IAH,MEM,-23.0
UA,LIH,SFO,-18.0
UA,EGE,IAH,153.0
UA,SLC,IAH,-13.0
UA,EWR,SFO,14.0
UA,SNA,SFO,1.0
VX,SFO,SEA,-14.0
WN,DAL,DEN,-3.0
WN,DAL,SAT,7.0
WN,DCA,ATL,6.0
WN,BNA,LAX,8.0
WN,BWI,BOS,-6.0
WN,LAS,SJC,53.0
WN,MCO,BHM,40.0
WN,MSY,MCO,-6.0
WN,PHX,PIT,1.0
WN,PHX,SAN,17.0
WN,PIT,MDW,11.0
WN,RIC,MCO,1.0
WN,SJU,TPA,-19.0
AA,SAN,DFW,-22.0
AA,MSP,ORD,-9.0
AA,LAS,JFK,-50.0
AA,SFO,LAX,7.0
AA,PHX,SMF,0.0
AA,PHX,DFW,7.0
AA,PHX,SJC,39.0
AA,CLT,FLL,3.0
AA,CLT,ROC,-11.0
AA,MCO,DCA,35.0
AA,CLT,RDU,12.0
B6,HPN,TPA,-22.0
B6,BUF,JFK,2.0
B6,FLL,SJU,-1.0
B6,PBI,JFK,-7.0
B6,CHS,BOS,-13.0
DL,ATL,CMH,-11.0
DL,LIT,ATL,-19.0
DL,TUS,MSP,-5.0
EV,CLE,ORD,0.0
MQ,CWA,ORD,-19.0
NK,IAH,LAX,9.0
NK,MSP,LAS,-4.0
OO,JMS,DVL,17.0
OO,IAH,ABQ,-12.0
OO,SUN,SFO,-7.0
AA,OGG,LAX,7.0
AA,ORD,DEN,4.0
AA,BOS,CLT,12.0
AA,ONT,DFW,14.0
DL,TPA,JFK,-20.0
DL,PHX,MSP,4.0
OO,SFO,RDD,-14.0
UA,IAH,SFO,-19.0
HA,OGG,KOA,1.0
UA,IAH,LAX,-13.0
EV,EWR,JAX,2.0
MQ,AZO,ORD,-22.0
EV,CLE,IAH,28.0
OO,PHX,PSP,-1.0
UA,SFO,SEA,-12.0
AA,DEN,DFW,-20.0
DL,ABQ,MSP,-26.0
DL,ATL,TPA,-2.0
EV,MEI,PIB,-18.0
DL,MSP,SFO,7.0
DL,PNS,ATL,-23.0
EV,MSP,ORD,3.0
HA,OGG,HNL,6.0
MQ,FWA,DFW,4.0
MQ,LSE,ORD,-16.0
OO,PHX,MRY,7.0
OO,SEA,FAT,-16.0
OO,MSP,RAP,8.0
OO,IAH,ASE,-11.0
UA,HDN,IAH,-1.0
UA,EWR,MIA,-18.0
UA,MCO,EWR,-27.0
UA,IAH,ORD,-18.0
UA,TUS,DEN,-12.0
VX,LAX,SEA,21.0
WN,DAL,BNA,-16.0
WN,DAL,DCA,1.0
WN,ALB,LAS,-7.0
WN,BWI,DEN,-1.0
WN,BWI,MCO,6.0
WN,BWI,PVD,11.0
WN,CLE,BWI,4.0
WN,TPA,MDW,39.0
WN,FLL,STL,-16.0
WN,HOU,DEN,-3.0
WN,HOU,MCO,8.0
WN,LAS,SFO,27.0
WN,LAX,LAS,47.0
WN,LBB,LAS,9.0
WN,MCO,PVD,43.0
WN,MDW,DAL,25.0
AA,LAX,ORD,-21.0
AA,PHX,ORD,-28.0
AA,SJU,DFW,-11.0
AA,PSP,DFW,-16.0
AA,CLT,DFW,14.0
AA,PBI,DCA,-25.0
AA,ALB,CLT,-3.0
AA,CLT,MSY,-10.0
B6,PBI,EWR,1.0
B6,DCA,RSW,41.0
AS,SFO,PSP,-16.0
AS,SAN,SEA,-5.0
AS,OGG,SEA,-39.0
DL,ECP,ATL,13.0
UA,EWR,ORD,72.0
UA,EWR,PBI,-20.0
NK,CLE,TPA,45.0
OO,ASE,IAH,34.0
UA,IAH,SNA,-24.0
B6,JFK,TPA,10.0
HA,ITO,HNL,-3.0
MQ,GRR,DFW,44.0
HA,OGG,LIH,10.0
OO,IAH,DFW,-17.0
AA,DSM,DFW,-13.0
DL,LGA,MIA,-16.0
EV,VPS,ATL,8.0
MQ,EVV,ORD,4.0
NK,IAH,TPA,2.0
OO,RDM,SFO,-15.0
UA,MEM,ORD,31.0
AA,MCO,DFW,-15.0
AA,TPA,DCA,-18.0
AA,OKC,DFW,-11.0
B6,PHL,BOS,-24.0
AA,RDU,ORD,1.0
DL,LAX,HNL,-17.0
DL,PHX,ATL,0.0
DL,ATL,CVG,-12.0
EV,MFE,DFW,-26.0
DL,IAD,ATL,-14.0
DL,FLL,LGA,-26.0
DL,MSP,SEA,-2.0
DL,CLE,ATL,-21.0
EV,JLN,DFW,-13.0
EV,IAH,OMA,-23.0
EV,FSD,ORD,28.0
EV,ISN,IAH,-24.0
F9,LAS,DEN,12.0
F9,TTN,ATL,-2.0
NK,DTW,ATL,-9.0
OO,PHX,FLG,18.0
OO,PHX,YUM,-3.0
OO,RDU,IAH,49.0
OO,DTW,IAH,6.0
MQ,DAY,ORD,-2.0
UA,EWR,MCO,-14.0
WN,DAL,BWI,10.0
WN,DAL,LAS,18.0
WN,ABQ,PHX,17.0
WN,BOS,DAL,16.0
WN,BWI,DAL,71.0
WN,BWI,HOU,8.0
WN,BWI,SAN,8.0
WN,SMF,LAS,43.0
WN,LAS,BUR,72.0
WN,LAS,LAX,48.0
WN,LAS,SEA,8.0
WN,MDW,ALB,-7.0
WN,MDW,AUS,14.0
WN,MDW,LAX,2.0
WN,MDW,STL,4.0
WN,PHX,DEN,28.0
WN,SAN,OAK,20.0
WN,SAN,SMF,-10.0
WN,SEA,OAK,13.0
WN,SLC,OAK,1.0
AA,EGE,ORD,-23.0
AA,DFW,CLE,-8.0
AA,PHX,SLC,-4.0
AA,DEN,PHX,17.0
AA,CLT,STL,-15.0
AA,LGA,CLT,5.0
AA,CLT,TPA,-7.0
AA,CLT,DTW,-11.0
AA,RDU,CLT,25.0
B6,AUS,JFK,490.0
B6,LAX,JFK,-33.0
AA,DEN,MIA,11.0
AS,ANC,SEA,14.0
AS,SMF,SEA,-5.0
AS,SEA,ONT,-6.0
AS,TUS,SEA,-31.0
DL,JFK,SJU,-23.0
AA,ATL,DFW,-7.0
DL,EYW,ATL,10.0
EV,EWR,DCA,-4.0
EV,STL,IAH,-13.0
HA,LIH,OGG,-4.0
UA,LAX,IAH,23.0
AA,MCI,DFW,-1.0
B6,SRQ,JFK,-11.0
F9,ATL,TTN,-18.0
NK,BOS,ATL,-11.0
NK,MCO,LBE,66.0
DL,RDU,ATL,-4.0
DL,LAX,MCO,61.0
DL,ATL,LGA,19.0
DL,BOS,ATL,14.0
DL,ATL,JFK,-20.0
DL,FLL,ATL,-16.0
DL,LAS,SEA,-8.0
EV,IAH,OKC,60.0
EV,IAH,LRD,76.0
F9,MCO,CLE,44.0
F9,DEN,MKE,102.0
MQ,CMI,ORD,-11.0
MQ,DFW,SJT,1.0
NK,DTW,MSY,25.0
OO,LAX,PHX,-17.0
OO,SEA,PSC,49.0
OO,ORD,PAH,-4.0
UA,ORD,PIT,17.0
UA,HNL,GUM,-3.0
VX,LAX,SFO,20.0
VX,SFO,LAS,-4.0
WN,DAL,LBB,6.0
WN,DEN,MCO,8.0
WN,AUS,LAS,-15.0
WN,BWI,ATL,-3.0
WN,HOU,ELP,5.0
WN,HRL,HOU,8.0
WN,IND,DEN,17.0
WN,LAX,OAK,25.0
WN,OAK,AUS,6.0
WN,PHL,FLL,-7.0
WN,RSW,PIT,-9.0
WN,SAN,LAS,1.0
AA,MIA,BWI,-17.0
AA,DFW,ABQ,-7.0
AA,MSY,DFW,-21.0
AA,LAX,BOS,-26.0
AA,MCO,MIA,3.0
AA,DFW,SJU,18.0
AA,OMA,PHX,-12.0
AA,PHX,OGG,14.0
AA,MSP,PHX,-10.0
AA,GEG,PHX,-11.0
AA,CLT,MCO,-3.0
AA,MCO,PHL,-17.0
AA,RSW,CLT,251.0
B6,MCO,JFK,-7.0
B6,EWR,MCO,-4.0
OO,DCA,ORD,-18.0
EV,ATL,IAH,-25.0
B6,LGA,PBI,-18.0
EV,BTR,ATL,110.0
UA,SFO,PDX,9.0
AA,DFW,CLT,-8.0
B6,MCO,SJU,10.0
B6,MCO,BWI,-31.0
B6,TPA,DCA,-11.0
EV,FAR,ORD,-17.0
F9,SLC,DEN,-5.0
MQ,ORD,RIC,-14.0
UA,IAH,MCO,11.0
UA,PHX,IAH,-12.0
OO,CID,LAX,47.0
B6,JFK,SJU,4.0
B6,SJU,EWR,-7.0
DL,IND,ATL,-17.0
DL,STT,ATL,-9.0
DL,ATL,MSY,-15.0
EV,GSP,IAH,-15.0
EV,ATL,VLD,26.0
F9,DEN,DTW,-6.0
HA,HNL,OGG,0.0
MQ,DFW,DRO,7.0
MQ,IAH,DFW,-27.0
OO,PHX,SBA,11.0
OO,DEN,TUL,20.0
UA,IAH,SEA,-31.0
VX,ORD,SFO,-23.0
VX,DAL,SFO,-18.0
WN,CMH,PHX,19.0
WN,DAL,OMA,1.0
WN,BOI,DEN,0.0
WN,BWI,STL,15.0
WN,CAK,MCO,19.0
WN,SNA,OAK,3.0
WN,STL,RSW,65.0
WN,TPA,BNA,1.0
WN,FNT,LAS,0.0
WN,LAS,BNA,-24.0
WN,MCI,BOS,-1.0
WN,MDW,CMH,-6.0
WN,OAK,BUR,23.0
WN,SAN,SFO,11.0
WN,SFO,LAX,-13.0
WN,SJC,MDW,-27.0
AA,DFW,MCO,-3.0
AA,DCA,MIA,-19.0
AA,PHX,SEA,-24.0
AA,CLT,ORD,-23.0
AA,PBI,CLT,-6.0
AA,CLT,MSP,-12.0
AA,MIA,CLT,-8.0
AA,CLT,DCA,-12.0
AA,PHX,LAX,-8.0
AA,CLT,BWI,-3.0
B6,MCO,SWF,-10.0
B6,BTV,JFK,-16.0
AS,SEA,KTN,-10.0
AS,SEA,PSP,-18.0
AS,SNA,PDX,2.0
AS,SEA,PHX,-6.0
DL,ATL,ROC,7.0
MQ,PIA,ORD,-13.0
UA,SJU,EWR,2.0
EV,BHM,IAH,-20.0
EV,ATL,BQK,-8.0
MQ,ALO,ORD,-22.0
UA,IAH,DEN,-11.0
B6,JFK,JAX,-12.0
EV,AZO,ORD,-22.0
EV,IAH,HRL,-9.0
MQ,ROC,ORD,-23.0
UA,IAH,SAN,56.0
UA,IAH,LAS,-17.0
EV,EWR,CLE,1.0
MQ,ORD,IND,-6.0
UA,FLL,IAH,-14.0
UA,SFO,HNL,-26.0
UA,MTJ,IAH,-11.0
DL,ATL,CHS,-15.0
DL,SRQ,LGA,-16.0
DL,JFK,LAS,5.0
DL,JFK,MIA,-26.0
DL,ATL,MCO,-7.0
DL,ATL,MSP,-6.0
DL,ATL,BNA,-15.0
MQ,ORD,DBQ,-18.0
MQ,ORD,BUF,-14.0
MQ,SYR,ORD,-27.0
OO,PHX,TUS,6.0
OO,SBA,LAX,-3.0
OO,SHV,DEN,-12.0
UA,EWR,IAD,-10.0
MQ,JFK,BNA,1.0
WN,ABQ,BWI,-29.0
WN,SMF,PHX,2.0
WN,SNA,MDW,20.0
WN,FLL,BWI,-17.0
WN,IND,LGA,-9.0
WN,LAS,ATL,7.0
WN,LAS,PDX,3.0
WN,LAX,ATL,-1.0
WN,LAX,RNO,36.0
WN,LGA,MKE,-21.0
WN,MCO,BWI,-8.0
WN,MCO,RDU,-10.0
WN,MDW,MSP,37.0
WN,MHT,MCO,-17.0
WN,MSY,DAL,9.0
WN,MSY,TPA,-11.0
WN,PDX,MDW,-3.0
WN,PHX,PDX,-5.0
WN,SAT,DAL,0.0
WN,SJC,SAN,-8.0
WN,SLC,PHX,4.0
AA,STT,MIA,6.0
AA,JFK,MCO,-3.0
AA,JFK,DFW,15.0
AA,AUS,ORD,-25.0
AA,ORD,DFW,-8.0
AA,PHX,SFO,6.0
AA,FLL,CLT,13.0
AA,PHX,SNA,19.0
AA,RSW,PHL,-15.0
AA,PHX,LAS,-2.0
AA,DCA,MCO,-3.0
AA,CLT,EWR,-2.0
AA,CLT,IAH,-5.0
AA,CLT,PHL,-4.0
B6,SAV,BOS,-16.0
B6,FLL,ORH,-11.0
B6,JFK,MSY,-21.0
B6,ROC,JFK,12.0
AS,ANC,SCC,9.0
DL,ATL,SAV,8.0
DL,ATL,DTW,-16.0
DL,LAS,LAX,8.0
DL,ATL,MEM,-9.0
DL,ATL,GSO,-2.0
OO,LAX,SAN,2.0
EV,LIT,IAH,-3.0
EV,EWR,CHS,-28.0
EV,ABY,ATL,17.0
EV,VPS,IAH,-28.0
AA,LIH,LAX,-7.0
OO,IND,ORD,23.0
DL,SEA,LAX,38.0
DL,ATL,ORD,-12.0
DL,TPA,ATL,-14.0
DL,ATL,JAX,15.0
DL,LGA,BOS,128.0
EV,EWR,PVD,-17.0
AA,DCA,ORD,-5.0
AA,LGA,MIA,-31.0
B6,JFK,ORD,4.0
B6,CLE,FLL,40.0
B6,JFK,MCO,-15.0
DL,ATL,FLL,10.0
DL,MSP,PHL,-19.0
DL,SEA,ANC,-27.0
DL,ATL,LAX,-13.0
DL,ATL,HOU,-7.0
DL,DCA,ATL,-11.0
DL,MCO,LGA,77.0
DL,MSP,BDL,35.0
DL,LGA,ATL,-23.0
DL,ATL,IAH,-2.0
DL,SLC,PHL,-33.0
DL,ATL,BOS,-2.0
DL,DEN,ATL,-24.0
DL,RSW,ATL,10.0
DL,LGA,FLL,112.0
DL,ATL,DFW,-17.0
DL,MIA,ATL,-11.0
DL,ATL,EWR,-23.0
DL,PBI,ATL,-18.0
DL,MSP,BOS,1.0
EV,MAF,IAH,37.0
EV,IAH,MAF,-8.0
EV,ATL,GNV,-10.0
EV,ILM,ATL,-11.0
EV,CLE,MSP,-2.0
EV,MSP,STL,13.0
EV,LNK,ORD,-27.0
EV,ATL,CAE,-10.0
F9,ORD,TTN,-6.0
MQ,MIA,JAX,-11.0
MQ,ORD,MDT,-21.0
MQ,GGG,DFW,-5.0
MQ,ORD,SYR,-22.0
OO,ORD,ICT,10.0
OO,BUR,PDX,-8.0
OO,OMA,SEA,52.0
OO,ATL,TYS,-10.0
OO,MSP,LAN,-1.0
OO,SEA,BOI,-13.0
OO,SLC,BUR,-7.0
OO,SLC,SNA,-16.0
OO,BZN,DEN,-21.0
OO,PHX,LAX,-3.0
UA,EWR,LAX,52.0
UA,ORD,DEN,-13.0
WN,CMH,DCA,69.0
WN,CRP,HOU,-3.0
WN,DAL,HOU,13.0
WN,DCA,MDW,7.0
WN,DEN,MDW,-1.0
WN,ATL,TPA,-7.0
WN,BDL,TPA,-10.0
WN,SMF,MDW,1.0
WN,HOU,DAL,0.0
WN,MCI,DAL,-3.0
WN,OMA,DEN,97.0
WN,PDX,LAX,4.0
WN,PDX,OAK,31.0
WN,PVD,BWI,-2.0
WN,RNO,LAS,13.0
WN,SFO,SNA,-29.0
WN,SJC,LAS,13.0
AA,SFO,JFK,-40.0
AA,ORD,TPA,-16.0
AA,EWR,CLT,-6.0
AA,LGA,DFW,0.0
AA,RSW,DFW,12.0
AA,ORD,MIA,7.0
AA,DFW,LAX,-18.0
AA,IAH,PHX,-13.0
AA,PHX,PDX,-6.0
AA,SEA,PHX,-8.0
AA,BOS,DCA,-2.0
AA,LGA,DCA,-19.0
AA,ORD,LGA,-24.0
B6,RDU,BOS,-13.0
B6,BOS,CLT,15.0
AS,SEA,SFO,26.0
AS,SEA,SMF,-13.0
DL,SJU,JFK,22.0
EV,GPT,IAH,-14.0
HA,HNL,KOA,-12.0
MQ,BUF,ORD,-23.0
OO,MKE,ORD,38.0
UA,MIA,DEN,-19.0
EV,MOB,IAH,-24.0
EV,PNS,IAH,-2.0
DL,MSP,DCA,-15.0
DL,SLC,ONT,1.0
DL,PHX,JFK,-36.0
EV,TYR,DFW,-19.0
DL,SJU,ATL,-31.0
DL,SLC,OAK,-9.0
EV,DFW,PIA,-18.0
DL,ATL,CLT,-18.0
DL,JFK,TPA,-4.0
EV,DFW,ACT,-8.0
EV,DFW,CAE,-8.0
EV,CHA,ATL,-9.0
EV,GNV,ATL,525.0
EV,LGA,RIC,-26.0
EV,ATL,MGM,-7.0
EV,ATL,JAN,-4.0
HA,HNL,LAX,-13.0
MQ,DFW,CLL,-6.0
MQ,ORD,CMI,-3.0
MQ,DFW,CVG,6.0
MQ,CLE,ORD,-16.0
MQ,ORD,ROC,-16.0
NK,DEN,IAH,7.0
NK,DEN,LAX,-4.0
OO,CDC,SLC,6.0
OO,SLC,MFR,-18.0
OO,SLC,EUG,-29.0
OO,SLC,PSP,-10.0
OO,SLC,FCA,30.0
OO,SFO,LAX,59.0
UA,DEN,IAH,-2.0
UA,SFO,ORD,-56.0
WN,BNA,LGA,-18.0
WN,HOU,GSP,-12.0
WN,LGA,STL,-28.0
WN,MDW,DEN,-8.0
WN,MSY,AUS,-11.0
WN,PHX,LAX,14.0
AA,ORD,MCO,-14.0
AA,PHX,HNL,-16.0
AA,ORD,CLT,-9.0
B6,LAS,SFO,7.0
AS,HNL,SJC,-29.0
EV,OMA,ORD,-23.0
NK,FLL,ACY,139.0
OO,MKG,ORD,29.0
OO,SFO,BUR,-18.0
UA,AUS,SFO,-10.0
AA,RDU,MIA,13.0
DL,ATL,BUF,47.0
DL,MSP,ATL,-9.0
EV,HPN,ATL,1.0
MQ,BWI,ORD,-17.0
MQ,ABI,DFW,-7.0
MQ,SDF,ORD,-8.0
OO,ORD,CHO,-15.0
OO,LAX,ABQ,-17.0
UA,MIA,IAH,-2.0
AA,MKE,DFW,24.0
AA,ORF,DFW,-12.0
AA,DFW,CMH,-32.0
B6,TPA,SJU,3.0
B6,SJU,BDL,-10.0
DL,FLL,JFK,-30.0
DL,ATL,RDU,-7.0
DL,ATL,MIA,-12.0
DL,LGA,MCO,-30.0
DL,SLC,LAX,-1.0
DL,STL,MSP,-11.0
F9,STL,TPA,-12.0
F9,ATL,LAX,-28.0
HA,OGG,SFO,-13.0
MQ,ORD,CVG,-14.0
HA,OGG,HNL,15.0
MQ,FAR,DFW,26.0
MQ,BIS,ORD,-1.0
MQ,HOU,DFW,-19.0
MQ,CMH,ORD,-30.0
MQ,GRK,DFW,-31.0
NK,MCO,DTW,35.0
NK,PHX,MSP,13.0
OO,PSP,PHX,-9.0
OO,SLC,PHX,-2.0
OO,MSP,BNA,-1.0
OO,DEN,RKS,-13.0
VX,SFO,JFK,-18.0
WN,DAL,LAX,6.0
WN,DAL,SJC,10.0
WN,DAL,STL,9.0
WN,DAY,BWI,13.0
WN,BNA,HOU,5.0
WN,BNA,PHX,-7.0
WN,BWI,PIT,-4.0
WN,CLE,MDW,23.0
WN,STL,DCA,-1.0
WN,TPA,DCA,-16.0
WN,HOU,DCA,-10.0
WN,ISP,PBI,21.0
WN,LAS,SMF,44.0
WN,LGA,MDW,-11.0
WN,SAN,SEA,19.0
WN,SAN,SJC,44.0
WN,SFO,MDW,-28.0
WN,SJC,PHX,53.0
AA,DFW,JAX,48.0
AA,DFW,MIA,-6.0
AA,FLL,DFW,-8.0
AA,DFW,DCA,-21.0
AA,DFW,BNA,-20.0
AA,DFW,TPA,-20.0
AA,DFW,PHX,-4.0
AA,PHX,SAN,5.0
AA,DCA,FLL,11.0
AA,DFW,MCI,-21.0
B6,FLL,JFK,-6.0
B6,FLL,DCA,-15.0
AS,LAS,SEA,-16.0
DL,LAX,ATL,-22.0
DL,MSP,GRR,-7.0
EV,ORD,MSP,9.0
HA,HNL,LIH,8.0
MQ,ORD,CMH,-22.0
UA,EWR,MSY,-14.0
OO,DEN,FAT,-14.0
EV,JAN,IAH,-8.0
MQ,ORD,CLE,-8.0
OO,SLC,GTF,-10.0
OO,SLC,SMF,-10.0
OO,AUS,DEN,-3.0
DL,ATL,PBI,-11.0
OO,ABQ,IAH,-15.0
OO,PSP,SFO,-14.0
AA,DTW,DFW,13.0
AA,BWI,DFW,-7.0
DL,ATL,PNS,8.0
EV,LAW,DFW,-26.0
OO,BIS,MSP,7.0
OO,DEN,HYS,3.0
UA,DEN,ORD,-27.0
UA,ORD,SFO,-22.0
DL,PHL,ATL,-12.0
DL,ATL,BWI,-23.0
DL,MKE,MSP,-1.0
DL,ATL,STT,-4.0
DL,SLC,PDX,-23.0
DL,ATL,DEN,-7.0
DL,SLC,MSO,-10.0
DL,SLC,ABQ,-18.0
DL,TPA,LGA,-11.0
EV,DFW,SHV,-8.0
EV,SHV,ATL,-7.0
F9,DEN,SFO,-11.0
HA,HNL,SAN,-18.0
MQ,ORD,PIT,-18.0
MQ,ORD,BDL,-14.0
MQ,ORD,EWR,-17.0
OO,MKE,ORD,-11.0
OO,SLC,PSC,-10.0
OO,DEN,TUS,28.0
OO,DEN,SLC,2.0
VX,LAS,SFO,0.0
VX,SFO,SAN,-8.0
WN,DEN,IND,11.0
WN,DEN,MSP,-15.0
WN,SMF,ONT,-11.0
WN,SNA,LAS,-16.0
WN,FLL,DAL,-7.0
WN,IND,MCO,18.0
WN,LAS,PHX,5.0
WN,LAX,SJC,10.0
WN,MCO,MDW,-16.0
WN,MDW,DCA,-11.0
WN,MDW,JAX,1.0
WN,MDW,OMA,6.0
WN,MKE,PHX,7.0
WN,OAK,SAN,69.0
WN,PHL,MDW,-8.0
WN,PHX,AUS,10.0
WN,PHX,DEN,15.0
WN,PHX,LAS,14.0
WN,SDF,MDW,-4.0
WN,SEA,DAL,3.0
AA,ORD,RDU,-13.0
AA,DFW,LGA,-28.0
AA,DFW,SAT,-6.0
AA,ORD,DCA,-24.0
AA,DFW,AUS,-4.0
AA,JAC,DFW,43.0
AA,DCA,CLT,14.0
AA,PDX,PHX,-9.0
B6,BUF,FLL,11.0
B6,PBI,HPN,36.0
B6,BOS,DCA,-4.0
B6,RSW,JFK,8.0
AS,LAX,SEA,10.0
AS,SAN,PDX,-8.0
EV,COS,IAH,-14.0
OO,CVG,IAH,55.0
OO,SAT,IAH,-24.0
UA,DEN,SFO,-8.0
EV,BNA,EWR,-28.0
OO,MRY,LAX,49.0
OO,DEN,MTJ,2.0
UA,MSY,IAH,-19.0
UA,RSW,ORD,-16.0
AA,EWR,DFW,45.0
AA,AUS,DFW,28.0
MQ,CHA,ORD,-19.0
OO,DSM,MSP,-14.0
UA,LAS,IAH,-15.0
UA,MCO,IAH,-16.0
AA,IAD,DFW,-22.0
AA,PIT,DFW,30.0
HA,LIH,HNL,-2.0
AA,MSP,DFW,279.0
AS,ANC,CDV,5.0
DL,LAX,MSP,-8.0
DL,ATL,DCA,-20.0
DL,DTW,ATL,-1.0
DL,ATL,IAD,-15.0
EV,DFW,GRK,-13.0
EV,EWR,STL,5.0
MQ,DFW,SAF,-11.0
MQ,ORD,EVV,0.0
MQ,ORD,DTW,-10.0
NK,RSW,MSP,-10.0
NK,SAN,LAS,-5.0
OO,GJT,PHX,-12.0
OO,MSP,RHI,-3.0
OO,IAH,MSP,-30.0
OO,SLC,BIL,-16.0
OO,SLC,FAT,1.0
OO,DEN,PHX,10.0
UA,EWR,IAH,12.0
NK,ORD,OAK,23.0
WN,BNA,LAS,-9.0
WN,BUR,LAS,26.0
WN,BWI,BDL,-12.0
WN,BWI,FLL,4.0
WN,ELP,LAX,-19.0
WN,LAS,MDW,-25.0
WN,MCO,ATL,-4.0
WN,OKC,HOU,-8.0
WN,SAN,PHX,-1.0
AA,MIA,ORD,-13.0
AA,DFW,ORD,-24.0
B6,DCA,BOS,-2.0
B6,JFK,RDU,-8.0
B6,JFK,FLL,49.0
B6,BOS,TPA,2.0
AS,PSG,WRG,-5.0
AS,PDX,LAX,-5.0
DL,DTW,LAX,12.0
UA,OGG,LAX,-19.0
UA,SAN,IAH,-14.0
UA,TPA,EWR,40.0
UA,TPA,IAH,-21.0
DL,DTW,SEA,1.0
DL,DTW,BWI,-8.0
DL,ATL,VPS,-6.0
OO,MSP,SFO,-24.0
OO,DEN,COS,-5.0
DL,DTW,LGA,-8.0
DL,PHX,SEA,35.0
EV,CAK,EWR,10.0
OO,SFO,RNO,31.0
OO,DTW,SBN,22.0
UA,CLE,RSW,25.0
UA,FLL,EWR,-19.0
DL,DTW,PHL,-13.0
DL,DTW,DCA,15.0
MQ,SPS,DFW,-18.0
OO,SBA,PDX,-10.0
DL,JFK,FLL,12.0
DL,DTW,MSP,-13.0
DL,SLC,ATL,-18.0
DL,MDW,ATL,-13.0
DL,BDL,ATL,-14.0
EV,XNA,ATL,-7.0
EV,AGS,ATL,-8.0
EV,LGA,CLE,-10.0
EV,DTW,BGR,-10.0
F9,MCO,IND,-31.0
F9,DEN,CID,-13.0
HA,HNL,PDX,-18.0
MQ,DSM,ORD,-7.0
MQ,DFW,ROW,0.0
NK,LGA,FLL,-38.0
OO,SLC,BZN,-5.0
OO,DEN,HDN,-6.0
OO,ORD,DAY,-9.0
UA,HNL,LAX,2.0
UA,EWR,SFO,0.0
WN,DCA,MKE,-15.0
WN,DEN,ATL,-4.0
WN,ATL,MDW,-15.0
WN,AUS,HRL,14.0
WN,BWI,TPA,41.0
WN,FLL,AUS,-3.0
WN,LAS,DEN,53.0
WN,LAS,ONT,-6.0
WN,LAX,MDW,-26.0
WN,MCO,STL,-5.0
WN,MDW,PHX,0.0
WN,MSY,ATL,-13.0
WN,OAK,LAX,-1.0
WN,PHX,ELP,8.0
WN,SLC,DEN,-8.0
AA,PBI,DFW,-27.0
AA,DFW,ELP,-12.0
AA,MIA,MCO,13.0
AA,DFW,STL,-31.0
AA,DFW,SNA,-3.0
AA,MIA,DFW,5.0
AA,PHL,CLT,-5.0
B6,PVD,MCO,-21.0
MQ,ORD,LEX,-6.0
UA,LAS,SFO,-9.0
AA,HNL,LAX,19.0
B6,BDL,TPA,-24.0
DL,DTW,SAN,-3.0
EV,MGM,ATL,-7.0
OO,DEN,DFW,51.0
DL,FLL,MSP,9.0
EV,EWR,CLT,-5.0
EV,TLH,ATL,11.0
HA,KOA,HNL,2.0
MQ,XNA,DFW,-8.0
MQ,JFK,CVG,4.0
UA,KOA,LAX,-24.0
UA,EWR,DEN,22.0
UA,EWR,TPA,-10.0
UA,EWR,AUS,1.0
UA,LAX,DEN,-18.0
DL,DTW,TPA,9.0
DL,EWR,ATL,8.0
DL,MSP,DTW,-1.0
DL,JFK,SFO,-35.0
DL,MSP,EWR,-16.0
DL,ATL,RIC,-12.0
DL,MSP,LGA,-18.0
DL,MIA,MSP,-7.0
DL,MCO,ATL,-5.0
EV,ORD,TVC,26.0
EV,EWR,MKE,-9.0
EV,DTW,RIC,4.0
EV,ATL,BTR,-18.0
F9,LAX,DEN,92.0
F9,DEN,LAS,-4.0
MQ,ORD,FNT,-10.0
MQ,ORD,TOL,0.0
OO,SLC,ORD,-20.0
OO,DAY,MSP,2.0
OO,SMF,SEA,-17.0
VX,LGA,DAL,-2.0
VX,SFO,LAX,22.0
WN,DAL,ATL,-6.0
WN,DCA,MCI,-2.0
WN,DEN,ABQ,3.0
WN,BNA,MSY,-5.0
WN,TUS,SAN,-7.0
WN,ELP,DAL,89.0
WN,FLL,ATL,-5.0
WN,HOU,DAL,-8.0
WN,ISP,MCO,-3.0
WN,JAX,BNA,-7.0
WN,MCO,MCI,-8.0
WN,MDW,LAS,-7.0
WN,MDW,MCI,14.0
WN,MKE,RSW,35.0
WN,PHX,SEA,-13.0
WN,SAN,DEN,-17.0
WN,SAN,LAS,-9.0
AA,JFK,LAX,20.0
AA,DFW,ATL,-21.0
AA,DFW,MSY,-14.0
AA,DFW,PHL,-31.0
AA,ORD,PHX,-1.0
AA,MIA,LAX,0.0
AA,DFW,CLT,-11.0
AA,MCO,PHL,-6.0
AA,IND,CLT,-10.0
AA,PHL,TPA,-19.0
AA,CLE,CLT,10.0
AA,FLL,PHL,7.0
AA,PIT,CLT,6.0
AA,JAX,CLT,27.0
B6,SJU,STX,0.0
B6,LGB,SLC,-12.0
B6,LGA,SRQ,27.0
AS,ORD,SEA,-3.0
AS,ANC,ADQ,-7.0
AS,SNA,SEA,-19.0
AS,SEA,DEN,9.0
DL,ATL,DAB,35.0
EV,DTW,OMA,16.0
MQ,BMI,DFW,-9.0
UA,LGA,DEN,-10.0
UA,LAX,ORD,-41.0
EV,DTW,EWR,-13.0
OO,MSP,LSE,-8.0
OO,PHX,SFO,-18.0
UA,DEN,LAX,-19.0
UA,BOI,DEN,50.0
B6,SJU,BOS,31.0
DL,HNL,LAX,-13.0
EV,CHS,ATL,-8.0
NK,MCO,CLE,-7.0
AA,DCA,DFW,-9.0
DL,DTW,BOS,0.0
NK,DTW,RSW,-19.0
OO,ONT,SFO,-23.0
UA,SFO,IND,-39.0
DL,FLL,ATL,3.0
DL,JFK,ATL,-8.0
DL,LEX,ATL,-8.0
DL,ATL,TPA,-7.0
DL,MSP,JAX,-14.0
DL,DTW,BDL,-3.0
EV,IAH,LFT,-19.0
EV,IAH,PNS,-6.0
EV,ATL,AVL,-18.0
EV,MSY,ORD,-26.0
F9,ORD,TPA,-13.0
HA,OGG,SEA,9.0
NK,LAX,LAS,7.0
OO,PDX,FAT,-25.0
OO,ABR,MSP,115.0
UA,DEN,SAN,-13.0
UA,IAH,TPA,5.0
UA,DEN,ORD,-26.0
UA,RSW,DEN,-7.0
UA,DEN,CLE,-11.0
OO,SFO,MMH,11.0
WN,DEN,PHX,1.0
WN,ABQ,DAL,12.0
WN,BDL,BWI,7.0
WN,BNA,MDW,-2.0
WN,BWI,ALB,-13.0
WN,SNA,SEA,3.0
WN,STL,MCI,1.0
WN,LAS,SAN,15.0
WN,LAX,SFO,3.0
WN,MCI,STL,-3.0
WN,MSY,HOU,-9.0
WN,PDX,SMF,-9.0
WN,PHX,BUR,3.0
WN,SAN,DAL,8.0
WN,SEA,LAS,70.0
AA,DFW,BOS,-24.0
AA,LGA,MIA,-18.0
AA,PHL,DFW,42.0
AA,TPA,CLT,6.0
AA,ATL,CLT,5.0
AA,MCO,CLT,8.0
AA,BWI,CLT,0.0
B6,PBI,BOS,-12.0
B6,CHS,FLL,-23.0
AS,PDX,SNA,8.0
DL,IAH,ATL,-21.0
MQ,GRR,ORD,13.0
UA,IAH,ORD,-26.0
UA,EWR,LAS,-12.0
AA,ORD,LAX,-16.0
OO,FAT,DEN,-32.0
UA,FLL,DEN,-23.0
UA,SFO,ANC,-1.0
UA,SFO,MCO,-37.0
EV,MAF,DFW,-12.0
HA,KOA,HNL,0.0
OO,DTW,PIA,18.0
UA,MCO,IAD,-18.0
AA,ORD,SFO,-17.0
DL,MIA,JFK,-1.0
EV,BTR,DFW,3.0
EV,LGA,CLE,-19.0
MQ,SUX,ORD,-15.0
NK,MSP,TPA,-15.0
DL,FLL,BOS,298.0
DL,LGA,MIA,-23.0
DL,MKE,ATL,-12.0
EV,PIB,DFW,8.0
DL,OKC,ATL,-13.0
DL,BNA,ATL,-17.0
DL,DTW,ORD,-1.0
EV,IAH,ICT,-19.0
EV,MSP,CLE,-21.0
EV,ATL,BMI,-4.0
F9,IND,MCO,7.0
MQ,DFW,XNA,6.0
MQ,MIA,GNV,-15.0
NK,ORD,LAS,20.0
OO,SAN,BOI,-19.0
OO,DTW,MKE,22.0
OO,LAX,SBP,-12.0
UA,IAH,SFO,20.0
WN,DAL,PDX,-10.0
WN,DAL,SAT,-7.0
WN,BUF,BWI,-6.0
WN,TPA,CAK,-9.0
WN,IND,MCI,67.0
WN,LAS,BDL,-28.0
WN,LAS,OAK,27.0
WN,LAS,SLC,26.0
WN,MDW,MCO,4.0
WN,MDW,PHL,4.0
WN,OAK,LAS,23.0
WN,PHX,ONT,-3.0
WN,PHX,SFO,-8.0
WN,RDU,STL,17.0
WN,SFO,DEN,42.0
WN,SJC,BUR,38.0
AA,JFK,DCA,-3.0
AA,DFW,DEN,3.0
AA,DFW,LAX,-3.0
AA,PHL,SJU,42.0
B6,DCA,FLL,-10.0
AS,MSP,SEA,-15.0
DL,MCI,ATL,0.0
DL,MSY,MSP,-6.0
MQ,BNA,ORD,-19.0
AA,AUS,PHX,-2.0
DL,RSW,MSP,11.0
EV,TUL,ATL,-4.0
MQ,SGF,ORD,-9.0
B6,BOS,RSW,5.0
B6,BOS,BUF,-7.0
EV,IAH,ATL,-22.0
EV,DTW,ORF,1.0
HA,ITO,HNL,-4.0
DL,CLT,ATL,-23.0
EV,TUL,ORD,-12.0
MQ,CID,ORD,-8.0
OO,DTW,MQT,51.0
B6,HPN,PBI,-18.0
DL,PBI,DTW,9.0
DL,DTW,MCO,-4.0
DL,MIA,LGA,-2.0
DL,TPA,ATL,10.0
DL,DAL,ATL,-12.0
DL,STL,ATL,-16.0
DL,JFK,LAX,-23.0
DL,ATL,LGA,-28.0
DL,GSP,ATL,-3.0
DL,LAX,MEM,-12.0
DL,FLL,LGA,-22.0
EV,DFW,TYS,212.0
F9,CLE,RSW,-25.0
F9,TYS,DEN,-2.0
HA,HNL,LIH,10.0
MQ,FAR,ORD,-26.0
MQ,OKC,ORD,23.0
MQ,ORD,FWA,-6.0
MQ,OMA,ORD,-23.0
OO,DTW,MBS,7.0
OO,MSP,GRB,-10.0
OO,DTW,LAN,19.0
OO,DFW,IAH,-6.0
OO,ORD,FAR,-1.0
VX,LAX,SFO,-11.0
WN,CMH,BOS,-11.0
WN,CMH,MDW,23.0
WN,DEN,HOU,-5.0
WN,ATL,PHL,-4.0
WN,BWI,PWM,9.0
WN,STL,SNA,-9.0
WN,TPA,ATL,1.0
WN,TUS,LAS,11.0
WN,EWR,MDW,57.0
WN,HOU,ATL,-5.0
WN,LAX,OAK,125.0
WN,LAX,PHX,42.0
WN,MCO,MKE,-16.0
WN,MCO,SJU,-3.0
WN,MDW,LGA,-11.0
WN,PHX,HOU,-4.0
WN,PHX,OAK,-11.0
WN,SAT,LAS,-9.0
WN,SJC,LAX,22.0
WN,SJC,SNA,-11.0
WN,SJU,MCO,-27.0
AA,JFK,MIA,-10.0
AA,JFK,BOS,-14.0
AA,DFW,SEA,-27.0
AA,DFW,SFO,-5.0
AA,RDU,DFW,22.0
AA,DFW,IND,-15.0
AA,MIA,RDU,-18.0
AA,DFW,BWI,-20.0
AA,SFO,PHX,-13.0
AA,PHL,RSW,-10.0
AA,ORD,CLT,0.0
AA,PHL,FLL,-25.0
AS,LIH,OAK,-37.0
B6,JFK,RSW,-4.0
B6,SJU,JFK,-21.0
B6,AUS,LGB,-11.0
EV,EWN,ATL,-12.0
HA,HNL,OGG,9.0
EV,PIA,ORD,17.0
OO,DVL,DEN,11.0
AA,TPA,MIA,-14.0
AA,MCO,DFW,-15.0
DL,DTW,LAS,-2.0
EV,ATL,GTR,-13.0
MQ,IND,ORD,-20.0
MQ,MCI,ORD,-16.0
OO,OMA,MSP,-6.0
OO,MSP,SAT,5.0
B6,JFK,PBI,2.0
OO,BRD,MSP,-14.0
UA,FLL,ORD,-26.0
UA,DEN,LGA,-20.0
DL,JAX,ATL,18.0
EV,VPS,DFW,2.0
EV,DFW,MLU,-2.0
F9,IAH,DEN,154.0
MQ,DFW,SGF,-15.0
MQ,LIT,DFW,38.0
MQ,DFW,AMA,14.0
OO,SLC,SEA,-19.0
OO,ICT,ORD,-14.0
UA,IAD,SFO,-19.0
UA,ORD,MSP,-21.0
UA,IAH,SAT,17.0
VX,LAX,JFK,122.0
WN,DAL,AUS,11.0
WN,DEN,BWI,-14.0
WN,DEN,OKC,-4.0
WN,ATL,MCI,11.0
WN,BWI,MHT,-10.0
WN,STL,DEN,-8.0
WN,TPA,BWI,2.0
WN,MCI,MCO,-10.0
WN,OAK,DEN,-13.0
WN,OAK,PHX,-3.0
WN,ONT,PHX,70.0
WN,SAT,BWI,-3.0
WN,SEA,DEN,12.0
WN,SJU,BWI,-27.0
AA,LGA,ORD,-25.0
AA,DEN,DFW,23.0
AA,DFW,IAH,5.0
AA,SJU,CLT,-13.0
AA,PHX,MSP,25.0
AA,PHL,RDU,-2.0
AA,PHX,DEN,2.0
AA,SJU,PHL,8.0
AA,PHL,PHX,12.0
AA,IAH,CLT,-3.0
AA,PHL,PBI,1.0
AS,KOA,SJC,2.0
B6,JFK,SAV,10.0
B6,MCO,BOS,-22.0
AS,SJC,SEA,-9.0
AS,SEA,SAN,-8.0
AS,PHX,SEA,-21.0
DL,MIA,DTW,-13.0
EV,PNS,DFW,36.0
EV,IAH,DSM,-7.0
EV,DTW,CHS,-6.0
OO,DTW,ITH,9.0
EV,ORD,AZO,-23.0
MQ,XNA,ORD,-10.0
NK,ATL,IAH,20.0
OO,ORD,SPI,-11.0
OO,ORD,FWA,2.0
OO,DTW,APN,15.0
UA,EWR,RSW,-24.0
OO,ORD,DSM,69.0
B6,JAX,FLL,100.0
DL,RSW,DTW,-11.0
DL,DTW,FLL,-12.0
EV,IAH,CRP,6.0
EV,ORD,LEX,14.0
NK,TPA,ORD,14.0
UA,IAH,FLL,-10.0
DL,DTW,IND,7.0
EV,JAN,DFW,-10.0
EV,ORD,ATW,2.0
HA,LIH,HNL,8.0
DL,DTW,SFO,-18.0
DL,DTW,RSW,-8.0
MQ,BHM,MIA,-2.0
MQ,DFW,ICT,-14.0
MQ,FWA,ORD,-27.0
MQ,DFW,MHK,-17.0
NK,DFW,LAX,5.0
MQ,DFW,MAF,12.0
UA,ORD,LAX,-19.0
UA,MCO,DEN,-43.0
VX,LAS,SFO,3.0
WN,DCA,MSY,-10.0
WN,DEN,LAS,23.0
WN,ATL,CMH,1.0
WN,ATL,DTW,-14.0
WN,ATL,MKE,13.0
WN,ATL,MSP,17.0
WN,AUS,DEN,-14.0
WN,BNA,TPA,-9.0
WN,BWI,CHS,-3.0
WN,BWI,MCO,-16.0
WN,SNA,SJC,9.0
WN,STL,PHX,24.0
WN,TUL,PHX,-11.0
WN,FLL,BWI,-13.0
WN,LAS,ABQ,15.0
WN,LAX,LAS,22.0
WN,MCO,DEN,-7.0
WN,MCO,SAT,-7.0
WN,MDW,PIT,-11.0
WN,PHX,SLC,4.0
WN,SFO,SAN,-6.0
AA,MIA,TPA,-6.0
AA,DFW,SAN,-2.0
AA,PHX,DCA,-20.0
AA,PHL,LAS,17.0
AA,ORD,PHL,-9.0
AA,PHX,PHL,-30.0
AA,LGA,CLT,-8.0
B6,MCO,JFK,47.0
AS,ANC,SEA,15.0
AS,SEA,ANC,-15.0
AS,SEA,SJC,-2.0
AS,SEA,LAX,3.0
AS,DEN,SEA,24.0
AS,OGG,SJC,-33.0
DL,ATL,OMA,7.0
UA,SFO,DEN,-27.0
DL,DTW,PHX,8.0
OO,BOI,LAX,7.0
UA,SEA,SFO,-21.0
UA,IAH,LAX,-2.0
AA,MSY,DFW,-12.0
EV,IAH,BHM,-3.0
EV,IAH,MOB,-10.0
OO,IAH,MKE,-6.0
UA,LAX,OGG,-7.0
B6,FLL,AUS,-7.0
DL,PIT,ATL,-9.0
NK,DTW,TPA,1.0
OO,SFO,MFR,-7.0
OO,SFO,SEA,-7.0
OO,SFO,PSP,-32.0
AA,MSP,ORD,1.0
AA,CLT,ATL,-3.0
AA,CLT,JAX,21.0
B6,JFK,SJU,-4.0
B6,JFK,SFO,-17.0
B6,JFK,MCO,-7.0
DL,ATL,FLL,-1.0
DL,PBI,LGA,-22.0
DL,LGA,ATL,-24.0
DL,TPA,DTW,-11.0
DL,SRQ,DTW,-7.0
DL,DFW,ATL,-23.0
DL,ATL,MIA,0.0
DL,PDX,LAX,45.0
DL,RDU,ATL,-8.0
DL,DCA,ATL,1.0
DL,MCO,LGA,-36.0
DL,SFO,LAX,69.0
DL,JFK,ORD,39.0
EV,ORD,IND,-8.0
EV,ORD,GSP,-7.0
EV,LGA,CLT,9.0
F9,DTW,TTN,-7.0
F9,IAD,ATL,-18.0
HA,OGG,HNL,5.0
MQ,STL,DFW,4.0
NK,BOS,LAS,125.0
OO,PHX,DRO,-19.0
OO,PHX,GJT,-8.0
OO,SEA,OAK,-10.0
OO,RAP,MSP,5.0
OO,DEN,MKE,-25.0
OO,SFO,EUG,30.0
UA,ORD,DEN,36.0
UA,ORD,LGA,-4.0
UA,ORD,IAH,-2.0
UA,MCO,EWR,-15.0
UA,IAH,MCO,-12.0
UA,IAH,EWR,2.0
UA,IAD,LAX,0.0
NK,DTW,LGA,3.0
OO,MKE,DEN,14.0
WN,DAL,HOU,-4.0
WN,DCA,DAL,20.0
WN,DCA,MCO,-14.0
WN,DEN,AUS,-2.0
WN,ATL,RIC,11.0
WN,AUS,DAL,-16.0
WN,BDL,MCO,77.0
WN,BWI,BOS,-8.0
WN,SMF,SAN,51.0
WN,TPA,MEM,-3.0
WN,FLL,MSY,-1.0
WN,HOU,STL,-3.0
WN,IND,BOS,20.0
WN,IND,TPA,-5.0
WN,LAS,MCO,-11.0
WN,MAF,DAL,14.0
WN,MDW,BNA,-4.0
WN,MDW,STL,30.0
WN,MSY,PHX,12.0
WN,PHX,DAL,-5.0
WN,RDU,BWI,2.0
WN,SAN,LAS,-6.0
WN,SAN,SFO,-9.0
AA,LGA,DFW,4.0
AA,BOS,ORD,-8.0
AA,HDN,DFW,-25.0
AA,LAX,ATL,-27.0
AA,PHX,DFW,8.0
AA,CLT,PHL,-2.0
AA,PHX,CLT,-9.0
AA,FLL,DCA,-16.0
AA,BNA,LAX,8.0
AA,DCA,LGA,-34.0
B6,MCO,DCA,-15.0
B6,EWR,PBI,10.0
AS,SEA,EWR,25.0
AS,LAX,SEA,-6.0
EV,BOS,CLE,-15.0
EV,MKE,LGA,-26.0
UA,DEN,IAH,9.0
UA,IAD,DEN,7.0
AA,SJU,ORD,-21.0
EV,GRK,IAH,-4.0
NK,LAS,PDX,-1.0
AA,JAX,DFW,-17.0
HA,HNL,ITO,13.0
AA,EGE,DFW,-26.0
DL,MCO,DTW,7.0
OO,ORD,SBN,-7.0
OO,SBA,SFO,-16.0
AA,IAH,DFW,-3.0
DL,JFK,MSP,-7.0
DL,ATL,MCO,30.0
DL,ATL,LIT,-4.0
DL,JFK,MCO,-9.0
EV,DFW,LFT,1.0
EV,ATL,AEX,-11.0
EV,JAN,ATL,-14.0
HA,OGG,LIH,3.0
MQ,ASE,DFW,-19.0
OO,FLG,PHX,13.0
OO,YUM,PHX,-11.0
OO,OKC,SEA,-37.0
OO,LAX,BOI,-26.0
UA,ORD,LAS,0.0
UA,ORD,DCA,9.0
UA,ORD,SFO,-24.0
UA,EWR,BOS,33.0
WN,DEN,OAK,-2.0
WN,ATL,DCA,-19.0
WN,ATL,RDU,10.0
WN,HOU,BWI,-18.0
WN,LAX,ABQ,32.0
WN,MDW,OAK,-6.0
WN,MKE,LAS,-12.0
WN,OAK,SEA,2.0
WN,ONT,LAS,6.0
WN,SAN,OAK,-6.0
WN,SAN,TUS,49.0
AA,TPA,DFW,-9.0
AA,SAT,DFW,-11.0
AA,PHL,MIA,17.0
AA,COS,DFW,-9.0
AA,GUC,DFW,-19.0
AA,DFW,TUL,31.0
AA,PHX,TPA,12.0
AA,PHL,SFO,-14.0
AA,DCA,PBI,-10.0
AA,RDU,CLT,3.0
B6,BOS,CLE,-5.0
B6,DCA,MCO,42.0
DL,ATL,DAL,-6.0
NK,FLL,LGA,-12.0
OO,DTW,FWA,5.0
UA,DCA,DEN,-6.0
EV,TLH,DFW,-6.0
MQ,LBB,DFW,1.0
NK,FLL,ATL,8.0
OO,SAT,SFO,7.0
AA,STL,ORD,6.0
DL,PNS,ATL,-7.0
DL,CVG,LAS,15.0
UA,TPA,DEN,-11.0
UA,ORD,PDX,-24.0
UA,ORD,SEA,-36.0
OO,DFW,SFO,36.0
AA,CMH,DFW,5.0
DL,ATL,MKE,-3.0
DL,ATL,CMH,2.0
DL,ATL,SRQ,-13.0
DL,SEA,SLC,-8.0
EV,EWR,TYS,10.0
EV,ATL,CLE,2.0
EV,ATL,TRI,-14.0
F9,DEN,ATL,-16.0
HA,HNL,LAS,-19.0
MQ,MSN,ORD,-17.0
MQ,JFK,BWI,-8.0
OO,MRY,PHX,-7.0
OO,RDD,SFO,-15.0
MQ,GJT,DFW,-19.0
UA,SFO,HNL,-16.0
UA,ORD,PHX,14.0
VX,LAX,LAS,2.0
WN,CMH,TPA,31.0
WN,ABQ,LAS,3.0
WN,ATL,IND,1.0
WN,BOS,BWI,-5.0
WN,BUR,SMF,67.0
WN,BWI,BUF,20.0
WN,BWI,ROC,-4.0
WN,SMF,BUR,-7.0
WN,SMF,LAX,-3.0
WN,SNA,PDX,3.0
WN,DEN,SLC,99.0
WN,FLL,RDU,-13.0
WN,LAS,HOU,5.0
WN,LAS,RNO,17.0
WN,LAX,DEN,26.0
WN,MSP,PHX,-4.0
WN,OAK,SNA,-5.0
WN,PHX,ATL,-23.0
WN,PIT,TPA,13.0
WN,SAT,LAX,-2.0
AA,CLT,DFW,44.0
AA,PHX,FLL,-28.0
AA,PHL,LAX,-5.0
AA,CLT,MIA,-16.0
AA,CLT,RIC,15.0
AA,CLT,BOS,-9.0
B6,TPA,JFK,-2.0
B6,BOS,FLL,5.0
B6,BOS,DTW,17.0
DL,ATL,CVG,-6.0
B6,RSW,BOS,-16.0
EV,BHM,IAH,-8.0
EV,ATL,LEX,-11.0
OO,LAX,DFW,-29.0
AA,MIA,LGA,-14.0
DL,FLL,DTW,-1.0
UA,IAH,DEN,-1.0
B6,RSW,LGA,1.0
MQ,LFT,DFW,-19.0
OO,SFO,SMF,-16.0
AA,CLT,MCI,-4.0
AA,CLT,LGA,5.0
B6,LGB,OAK,-9.0
DL,ATL,LAX,40.0
DL,ATL,ORD,7.0
DL,ATL,SAN,-1.0
DL,VPS,ATL,-11.0
EV,MKE,EWR,-19.0
EV,IAH,XNA,-4.0
EV,ATL,IAH,-3.0
MQ,COU,ORD,-12.0
NK,MSP,LAX,5.0
NK,DFW,PHL,-21.0
NK,DFW,MCO,246.0
OO,PHX,FLG,-13.0
OO,SFO,SBA,-9.0
UA,TPA,ORD,-16.0
UA,ORD,SNA,-12.0
UA,LAX,HNL,-21.0
WN,BNA,RDU,8.0
WN,BWI,ORF,0.0
WN,BWI,TPA,-9.0
WN,FLL,PIT,-5.0
WN,HOU,MSY,2.0
WN,LAS,IAD,-27.0
WN,LAS,SJC,44.0
WN,LAX,MCI,23.0
WN,MDW,CLT,6.0
WN,PDX,LAS,1.0
WN,PHX,STL,5.0
AA,JFK,SFO,-22.0
AA,LAX,SFO,-17.0
AA,PHX,DTW,-21.0
AA,SJC,PHX,20.0
AA,CLT,PHX,27.0
AA,PHX,BOS,3.0
AA,PHX,PIT,-25.0
AA,PHL,DFW,11.0
AA,PHL,PIT,-25.0
AA,CLT,FLL,-9.0
AA,PHL,BOS,-7.0
AA,CLT,RDU,-15.0
AS,SEA,SNA,-10.0
AS,SEA,ATL,2.0
EV,ATL,CHA,-15.0
B6,LGA,FLL,19.0
EV,ACT,DFW,-22.0
EV,GTR,ATL,4.0
OO,SJC,LAX,7.0
UA,DEN,EWR,-28.0
UA,ORD,SAN,-9.0
B6,FLL,BOS,-10.0
DL,ATL,SAV,-10.0
F9,DEN,MSP,-5.0
MQ,ORD,BWI,-13.0
UA,ANC,SFO,34.0
B6,FLL,JFK,2.0
HA,HNL,OGG,3.0
AA,ABQ,DFW,-11.0
DL,ATL,SEA,-19.0
DL,ATL,MEM,-8.0
DL,MSY,ATL,-14.0
DL,SEA,KOA,8.0
DL,SRQ,ATL,-9.0
HA,HNL,JFK,-25.0
HA,KOA,HNL,-8.0
OO,SBA,PHX,-16.0
OO,TUS,PHX,2.0
OO,SAN,LAX,-11.0
VX,SFO,LAS,-4.0
WN,DCA,MDW,-2.0
WN,DEN,EWR,3.0
WN,ATL,DAL,11.0
WN,SNA,LAS,7.0
WN,STL,ATL,-6.0
WN,LAS,LAX,-1.0
WN,LAS,PHL,48.0
WN,LAX,SMF,33.0
WN,MCO,BWI,-7.0
WN,MCO,MDW,-25.0
WN,MDW,TPA,-14.0
WN,MEM,MDW,-10.0
WN,PVD,MCO,8.0
WN,RNO,LAS,-6.0
AA,DFW,SAT,-10.0
AA,DCA,MIA,34.0
AA,CLT,ORD,-7.0
AA,DFW,LAX,11.0
AA,PHX,ORD,-3.0
AA,SMF,PHX,-4.0
AA,LAX,PHX,-5.0
AA,PHX,ATL,-22.0
AA,BOS,PHX,26.0
AA,PHL,ORD,-19.0
AA,MIA,PHL,-8.0
AA,CLT,MCO,1.0
AA,CLT,RSW,-10.0
B6,ORH,MCO,38.0
B6,JFK,BUF,-6.0
B6,MCO,LGA,-20.0
HA,LIH,HNL,16.0
AA,STL,CLT,-12.0
DL,BUF,ATL,-2.0
NK,FLL,CLE,-16.0
DL,EYW,ATL,-14.0
EV,ORD,CLE,-10.0
MQ,GCK,DFW,12.0
UA,PBI,EWR,-8.0
UA,SRQ,ORD,26.0
DL,ATL,MCI,-9.0
MQ,DRO,DFW,47.0
OO,TYS,ATL,-6.0
UA,DEN,AUS,-10.0
B6,JFK,CHS,8.0
DL,CLE,ATL,-2.0
DL,MIA,ATL,-19.0
DL,ATL,SDF,-5.0
DL,ATL,GSO,-13.0
DL,ATL,EWR,-25.0
DL,JFK,SEA,-22.0
EV,DCA,EWR,-22.0
F9,CLE,LAS,12.0
F9,STL,DEN,-9.0
UA,MCO,ORD,-11.0
WN,DAL,ABQ,-4.0
WN,DEN,DAL,5.0
WN,BWI,JAX,8.0
WN,TPA,CMH,-5.0
WN,DTW,DEN,-8.0
WN,FLL,DCA,-12.0
WN,LBB,DAL,0.0
WN,LGA,ATL,-32.0
WN,MCI,LAS,7.0
WN,MCO,HOU,-14.0
WN,MHT,BWI,12.0
WN,PHX,MDW,-36.0
WN,SEA,OAK,57.0
AA,LAX,LAS,-13.0
AA,DFW,OKC,-13.0
AA,SAN,PHX,-13.0
AA,CLT,TPA,-7.0
AA,CLT,ALB,-7.0
AA,CLT,BDL,4.0
AA,CLT,SYR,-9.0
AA,CLT,PBI,-14.0
AS,PDX,OGG,-33.0
AS,HNL,SAN,-5.0
DL,ATL,DTW,-8.0
OO,MKE,ORD,63.0
OO,HDN,LAX,6.0
DL,ATL,SLC,-13.0
HA,HNL,KOA,0.0
DL,ORF,ATL,-9.0
EV,JAX,ORD,-24.0
OO,DFW,LAX,-10.0
EV,TYS,DFW,16.0
OO,BNA,DTW,2.0
AA,ORD,FLL,-25.0
DL,LGA,PBI,-11.0
DL,ATL,JAX,18.0
DL,ATL,MSP,-18.0
DL,MCO,ATL,-18.0
DL,LGA,FLL,-19.0
DL,RSW,ATL,-17.0
DL,ATL,IND,-3.0
DL,ATL,CHS,-14.0
DL,ORD,DTW,-5.0
EV,EWR,SAV,-25.0
NK,ATL,MCO,-11.0
OO,PIA,DTW,-2.0
EV,ATL,CSG,-9.0
EV,PHL,DTW,-12.0
OO,GEG,SEA,-3.0
OO,PDX,SEA,-3.0
OO,LAX,OKC,-19.0
UA,LAX,SFO,0.0
UA,IAH,DFW,-19.0
UA,EWR,PBI,12.0
UA,CMH,DEN,19.0
UA,LAX,LIH,-18.0
UA,EWR,DEN,-4.0
UA,EWR,SFO,-24.0
VX,JFK,SFO,-22.0
VX,SFO,PSP,-12.0
VX,LAX,SFO,1.0
WN,DAL,HOU,-17.0
WN,DAL,SEA,-14.0
WN,BUR,OAK,-2.0
WN,CLE,BWI,-1.0
WN,SNA,SFO,-14.0
WN,HOU,DAL,-3.0
WN,LAS,BUR,5.0
WN,LAS,DAL,-2.0
WN,LAS,MCI,30.0
WN,MCI,MDW,-7.0
WN,MDW,FLL,-18.0
WN,MDW,HOU,25.0
WN,PHX,SMF,7.0
WN,SJC,SAN,44.0
WN,SLC,MDW,3.0
AA,MCO,MIA,-5.0
AA,BOS,LAX,-11.0
AA,LAS,LAX,-8.0
AA,SNA,PHX,-16.0
AA,PHX,MCI,-18.0
AA,EWR,PHX,7.0
AA,JFK,PHX,-3.0
AA,PHX,EWR,-42.0
AA,CLT,BUF,-9.0
AA,CLT,MSY,-8.0
AA,CLT,BWI,-12.0
AA,CLT,PVD,16.0
B6,BUF,JFK,-12.0
B6,TPA,BOS,27.0
B6,BDL,PBI,10.0
AS,WRG,KTN,2.0
AS,LAX,SEA,-8.0
AS,DFW,PDX,-23.0
EV,EWR,RIC,-11.0
OO,TVC,ORD,8.0
EV,FNT,ORD,-4.0
MQ,CLL,DFW,-12.0
OO,MKE,DTW,-1.0
B6,RIC,BOS,-9.0
EV,LAN,ORD,11.0
NK,LBE,FLL,26.0
OO,MSN,DEN,-20.0
EV,DFW,VPS,2.0
DL,PBI,ATL,11.0
MQ,SJT,DFW,-26.0
OO,LAS,SEA,-11.0
UA,ORD,ANC,-25.0
DL,ATL,BDL,-14.0
DL,ATL,TPA,-8.0
DL,ATL,PHL,-18.0
EV,CHA,DFW,-9.0
EV,CAE,ATL,-14.0
F9,BIS,DEN,-18.0
HA,OGG,LAX,20.0
OO,AUS,PDX,-29.0
OO,LAX,TUS,-10.0
UA,SFO,AUS,22.0
UA,EWR,SEA,-11.0
VX,SFO,SEA,-4.0
WN,ABQ,DEN,-15.0
WN,BHM,TPA,-19.0
WN,BOS,MDW,38.0
WN,BOS,MKE,-3.0
WN,BUR,LAS,11.0
WN,BWI,RSW,23.0
WN,TPA,SAT,-4.0
WN,DEN,SAN,-6.0
WN,DEN,SEA,-28.0
WN,ELP,SAT,-14.0
WN,HOU,CRP,28.0
WN,HOU,MDW,-15.0
WN,MKE,TPA,-3.0
WN,OAK,PDX,21.0
WN,ONT,SJC,9.0
WN,SEA,PHX,19.0
AA,DFW,MIA,4.0
AA,LAX,STL,-32.0
AA,LAS,PHX,-6.0
AA,CLT,LAS,20.0
AA,CLT,PIT,-10.0
AA,CLT,DTW,1.0
AA,CLT,SEA,-24.0
AA,CLT,SFO,11.0
B6,JFK,SAN,7.0
B6,JFK,LAX,-11.0
AS,SFO,SEA,80.0
AS,PDX,SLC,2.0
AS,ABQ,SEA,-31.0
B6,LGB,LAS,21.0
B6,BOS,MCO,-19.0
DL,AUS,ATL,-22.0
DL,LGA,DTW,-20.0
OO,SFO,PHX,-6.0
UA,CLE,DEN,-3.0
UA,EWR,IAH,36.0
MQ,CMI,ORD,-6.0
DL,ATL,CLT,-15.0
MQ,ROW,DFW,8.0
DL,IND,ATL,-9.0
DL,JFK,SLC,-24.0
DL,ATL,PHX,6.0
EV,DFW,BPT,-3.0
EV,DFW,FSM,15.0
EV,ATL,GSP,-7.0
F9,MCO,PHL,-23.0
F9,ATL,MIA,-21.0
MQ,ORD,EWR,-14.0
MQ,ORD,AZO,-11.0
MQ,DFW,JAN,-3.0
MQ,ORD,DAY,-18.0
NK,ORD,LAX,0.0
NK,DFW,ORD,16.0
OO,PAH,ORD,1.0
WN,DAL,OAK,46.0
WN,DEN,MDW,1.0
WN,BNA,DAL,3.0
WN,BUF,LAS,9.0
WN,GEG,BOI,-2.0
WN,LAS,BUF,-2.0
WN,LAX,LAS,29.0
WN,MCO,MEM,-2.0
WN,MDW,DCA,-2.0
WN,MDW,MSY,35.0
WN,OAK,SAN,31.0
WN,OKC,PHX,6.0
WN,PHX,CMH,-22.0
WN,SAN,SMF,-15.0
AA,DFW,LGA,11.0
AA,SJU,MIA,-25.0
AA,FLL,ORD,-14.0
AA,DFW,BNA,-4.0
AA,PHX,JFK,-41.0
AA,CLT,DCA,-11.0
B6,BOS,BWI,223.0
B6,AUS,MCO,72.0
B6,BOS,SFO,-26.0
AS,ANC,OTZ,3.0
AS,DTW,SEA,-38.0
DL,STT,ATL,-23.0
EV,GRK,DFW,-20.0
NK,RSW,DTW,-9.0
OO,TUL,MSP,5.0
OO,MEM,IAH,-12.0
UA,MSP,DEN,67.0
AA,ORD,DFW,-1.0
EV,EWR,CLE,-8.0
OO,SEA,LAX,25.0
OO,SFO,SAN,-16.0
AS,KTN,SIT,-22.0
DL,ATL,BNA,-10.0
EV,SHV,DFW,-10.0
MQ,SAF,DFW,-16.0
MQ,ORD,RIC,-11.0
NK,LAS,IAH,-4.0
OO,CID,DEN,-7.0
MQ,ORD,BMI,-18.0
MQ,DFW,HSV,7.0
MQ,DFW,MLI,14.0
OO,DTW,ORD,0.0
UA,LAX,KOA,-10.0
AA,DFW,ATL,1.0
DL,FLL,ATL,-10.0
DL,ORD,ATL,-8.0
DL,SFO,ATL,-9.0
DL,TPA,ATL,-20.0
DL,PHL,ATL,1.0
EV,OKC,IAH,41.0
F9,DFW,CVG,-34.0
MQ,ORD,GRR,-4.0
MQ,ORD,LIT,-7.0
MQ,DFW,OMA,10.0
MQ,ORD,XNA,-4.0
NK,BWI,IAH,2.0
OO,MKE,SEA,42.0
OO,STL,PDX,-42.0
UA,BWI,ORD,-5.0
VX,DAL,LGA,19.0
VX,DAL,LAX,-4.0
WN,DAL,PHX,17.0
WN,DEN,PHX,29.0
WN,BNA,BWI,-21.0
WN,BWI,CMH,-12.0
WN,BWI,FLL,10.0
WN,BWI,RDU,42.0
WN,SMF,LAS,0.0
WN,DEN,SNA,-5.0
WN,IAD,LAS,1.0
WN,LAS,ALB,4.0
WN,OAK,MSY,5.0
WN,PHX,DEN,-13.0
WN,PHX,MSP,-7.0
WN,PIT,LAS,-6.0
WN,RNO,SAN,44.0
WN,SAN,SJC,-6.0
AA,DFW,DCA,-12.0
AA,DFW,STL,-10.0
AA,LAX,JFK,-46.0
AA,ORD,MIA,252.0
AA,BNA,DFW,25.0
AA,MIA,DFW,3.0
AA,DFW,EWR,-16.0
AA,CLT,LAX,5.0
AA,ORD,LGA,-30.0
AA,MCO,DFW,-7.0
B6,STT,SJU,-2.0
AS,ANC,SEA,-1.0
AS,SEA,LAS,16.0
AS,OGG,OAK,-36.0
DL,GSO,ATL,-26.0
DL,SAT,ATL,99.0
MQ,ORD,MSN,-19.0
OO,DCA,ORD,-17.0
B6,STX,SJU,-16.0
OO,JAC,LAX,10.0
OO,ORD,DTW,-1.0
UA,EWR,PHX,-8.0
OO,MBS,ORD,-11.0
MQ,DBQ,ORD,-5.0
MQ,DFW,BHM,-4.0
DL,CMH,ATL,-1.0
DL,CVG,ATL,-15.0
EV,HRL,IAH,-17.0
F9,DEN,DCA,-16.0
NK,LGA,DTW,-12.0
DL,LAX,LIH,-8.0
DL,HOU,ATL,301.0
DL,ATL,MSY,-17.0
DL,SLC,SEA,-14.0
DL,LGA,MIA,-31.0
DL,SLC,STL,-18.0
EV,DFW,SHV,-12.0
EV,EWR,DTW,-10.0
HA,HNL,LIH,-2.0
MQ,ORD,CMI,-6.0
MQ,DFW,SJT,-9.0
MQ,ORD,PIA,-6.0
MQ,ORD,ELP,10.0
MQ,ORD,OKC,2.0
NK,DFW,FLL,-8.0
NK,ATL,DTW,-10.0
OO,SLC,SJC,-18.0
OO,SLC,BOI,-15.0
OO,ORD,MEM,1.0
UA,IAH,MSY,-12.0
WN,BOI,LAS,7.0
WN,BOS,DEN,-13.0
WN,FLL,TPA,-8.0
WN,HOU,SAT,45.0
WN,MCO,PIT,18.0
WN,MDW,DEN,-4.0
WN,MSP,DEN,29.0
WN,MSY,HOU,-13.0
WN,PDX,SAN,-7.0
WN,PHX,ABQ,23.0
WN,PHX,LAS,-4.0
WN,PHX,SJC,-3.0
WN,SAT,DAL,15.0
WN,SFO,LAS,8.0
WN,SJC,LAX,-6.0
WN,SJU,FLL,18.0
AA,LGA,ORD,-12.0
AA,DFW,ORD,-20.0
AA,MIA,MCO,-8.0
B6,LAX,JFK,-40.0
AA,ORD,RSW,-8.0
AS,SFO,PDX,-9.0
AS,LAX,PDX,-6.0
EV,AMA,IAH,6.0
AA,LAX,HNL,-19.0
NK,TPA,ACY,-11.0
OO,SLC,PIH,-2.0
OO,SLC,BTM,-8.0
AA,OMA,DFW,-23.0
AA,ELP,DFW,-22.0
MQ,ORD,GRB,-16.0
OO,MSY,DEN,-21.0
OO,BUR,SFO,-24.0
AA,MIA,JFK,-5.0
AA,PBI,CLT,14.0
B6,SJU,STT,40.0
B6,FLL,SJU,-2.0
DL,SJU,ATL,-17.0
DL,BDL,ATL,-16.0
DL,LAX,SLC,18.0
DL,SLC,IAH,14.0
EV,DFW,TXK,3.0
F9,PHL,ORD,46.0
F9,MCO,LAX,3.0
HA,OGG,HNL,15.0
HA,LIH,HNL,11.0
MQ,DFW,CLL,-3.0
MQ,DFW,LCH,-6.0
MQ,ORD,MLI,-7.0
NK,DFW,DEN,-3.0
OO,SLC,HLN,-5.0
OO,SLC,TWF,6.0
OO,SLC,SUN,-18.0
OO,RNO,SFO,19.0
UA,HNL,ORD,-23.0
MQ,CMH,ORD,-5.0
VX,JFK,LAX,-14.0
WN,DCA,TPA,51.0
WN,BWI,PBI,2.0
WN,SMF,ONT,-10.0
WN,STL,HOU,21.0
WN,HRL,HOU,6.0
WN,LAS,PIT,6.0
WN,LGA,BNA,-3.0
WN,LGA,DEN,-19.0
WN,MCO,PVD,-17.0
WN,MDW,DTW,37.0
WN,PHX,BNA,-17.0
AA,DFW,JFK,-10.0
AA,MIA,DCA,130.0
AA,MIA,IAH,68.0
AA,ROC,CLT,-11.0
AA,ORD,PHL,2.0
B6,SRQ,BOS,-19.0
B6,MCO,SJU,-3.0
AA,MIA,STL,-18.0
AS,PSP,SFO,-11.0
AS,BNA,SEA,49.0
AS,MCI,SEA,-10.0
DL,SLC,ATL,-20.0
OO,RKS,DEN,-3.0
AS,CDV,YAK,-11.0
OO,FAR,DEN,-11.0
DL,ATL,LAS,5.0
EV,AVL,ATL,-18.0
EV,ATL,BHM,1.0
OO,ASE,IAH,6.0
AA,DCA,DFW,-2.0
B6,BOS,SAN,-11.0
DL,SLC,JAC,-13.0
DL,IAH,ATL,-17.0
DL,JFK,LAX,-26.0
DL,LGA,ATL,-28.0
DL,TPA,LGA,37.0
DL,MCO,JFK,2.0
DL,SLC,AUS,-11.0
DL,JAX,ATL,-21.0
DL,ATL,FLL,-9.0
DL,CLT,ATL,-22.0
EV,ORD,ELM,-13.0
EV,GNV,ATL,12.0
HA,HNL,ITO,-5.0
MQ,ORD,OMA,-13.0
MQ,DFW,ASE,12.0
MQ,ORD,RST,15.0
MQ,ORD,MSP,83.0
NK,CLE,ATL,107.0
NK,LAX,IAH,-9.0
OO,TUS,LAX,0.0
OO,ORD,MKE,-21.0
OO,SLC,BNA,-15.0
OO,RHI,MSP,-8.0
OO,SLC,TUS,5.0
UA,LAX,IAH,23.0
UA,EWR,LAX,2.0
OO,IAH,SAT,-2.0
OO,SLC,EKO,8.0
OO,MTJ,DEN,-15.0
VX,LAX,LAS,82.0
VX,LAS,SFO,-9.0
VX,IAD,LAX,-10.0
WN,DAL,BHM,21.0
WN,DAL,HOU,24.0
WN,DAL,SAN,-2.0
WN,DCA,AUS,-3.0
WN,DEN,LAS,21.0
WN,ATL,HOU,-8.0
WN,BWI,MCO,5.0
WN,STL,MCO,3.0
WN,TPA,MSY,-17.0
WN,HOU,DAL,-4.0
WN,LAS,SNA,-2.0
WN,MCI,DAL,69.0
WN,MCI,FLL,20.0
WN,MCO,PHX,-11.0
WN,MKE,ATL,-26.0
WN,MSP,ATL,19.0
WN,PDX,SJC,-6.0
WN,RDU,PHX,18.0
WN,RSW,MKE,-10.0
WN,SAT,ATL,-15.0
WN,SJC,LAS,50.0
AA,JFK,ORD,35.0
AA,JFK,AUS,1.0
AA,BOS,MIA,34.0
AA,DFW,EGE,14.0
AA,DFW,AUS,8.0
AA,STL,MIA,0.0
AA,MIA,LAX,-7.0
AA,MIA,BOS,-23.0
AA,DFW,SFO,-7.0
AA,ORD,SFO,26.0
AA,JFK,MIA,22.0
AA,DFW,BOS,-23.0
AA,AUS,DFW,-3.0
AA,DFW,MCO,-9.0
AA,TPA,PHL,-14.0
AA,DCA,TPA,-18.0
AA,BDL,CLT,0.0
AA,JFK,LAS,23.0
B6,EWR,MCO,0.0
B6,JFK,IAD,9.0
B6,JFK,BOS,-16.0
AS,DCA,PDX,-32.0
EV,DFW,TYR,-3.0
EV,IAH,JAN,-20.0
EV,CMH,EWR,4.0
UA,IAH,LAX,-22.0
OO,ORD,CLT,-4.0
AA,MIA,LGA,-16.0
UA,SFO,DEN,-21.0
UA,MIA,EWR,-21.0
B6,JFK,FLL,-5.0
OO,SLC,DEN,-15.0
UA,TPA,IAH,-1.0
B6,JFK,MCO,-10.0
DL,ATL,VPS,-11.0
HA,HNL,OGG,5.0
UA,DFW,DEN,-10.0
DL,SLC,MCO,47.0
EV,DFW,GPT,2.0
DL,SLC,SAN,-8.0
HA,LAX,HNL,-17.0
MQ,DFW,ABI,-3.0
OO,SLC,RAP,-2.0
UA,HNL,IAD,-35.0
WN,DAL,MSY,-14.0
WN,DEN,OMA,10.0
WN,BWI,ISP,-7.0
WN,TPA,PHX,3.0
WN,LAS,CMH,-21.0
WN,LAS,DSM,-4.0
WN,LAS,PHX,7.0
WN,LAS,STL,-10.0
WN,LAX,IND,-24.0
WN,LAX,MSY,-24.0
WN,MDW,EWR,-1.0
WN,MDW,TUL,13.0
WN,OMA,DAL,7.0
WN,SAN,PHX,66.0
AA,ORD,SEA,-20.0
AA,DFW,LAS,-8.0
AA,DFW,FLL,-7.0
AA,MCO,ORD,-13.0
AA,DFW,SMF,-6.0
AA,JFK,CLT,-8.0
AA,BWI,PHX,11.0
AA,MKE,PHX,-3.0
AA,SFO,PHX,-9.0
AA,FLL,PHX,-13.0
AA,DCA,PHX,31.0
AA,PIT,PHX,20.0
AA,PHL,MCO,-8.0
AA,BOS,CLT,-4.0
AA,DFW,TUS,-4.0
AS,PDX,LAS,0.0
DL,PIT,MSP,3.0
OO,HDN,DEN,-20.0
OO,IND,DEN,-4.0
UA,DEN,IAH,-10.0
OO,PHX,DEN,-24.0
UA,SFO,LAX,-17.0
UA,IAD,MCO,-20.0
DL,ATL,PIT,-6.0
EV,MAF,IAH,-17.0
MQ,ORD,SGF,-10.0
OO,SBP,LAX,5.0
DL,SLC,RNO,-19.0
DL,MCI,MSP,-31.0
DL,SLC,SFO,35.0
EV,DFW,ACT,50.0
F9,LAS,DEN,1.0
MQ,ORD,CLE,-21.0
MQ,ORD,CVG,-15.0
MQ,ORD,DSM,14.0
MQ,DFW,LAW,169.0
OO,SLC,OMA,-18.0
OO,FAT,SEA,-34.0
OO,SLC,IDA,-23.0
OO,SLC,RDM,-24.0
UA,IAD,EWR,-13.0
UA,IAD,IAH,0.0
OO,SLC,SGU,2.0
UA,OGG,ORD,54.0
VX,ORD,LAX,-14.0
VX,DCA,SFO,-34.0
WN,BDL,MDW,-4.0
WN,BWI,ATL,9.0
WN,EWR,BNA,15.0
WN,HOU,AUS,14.0
WN,IND,PHX,10.0
WN,LAS,IND,2.0
WN,MCO,GRR,-16.0
WN,MHT,MDW,20.0
WN,PHX,ELP,-7.0
WN,SAN,OAK,11.0
WN,SFO,LAX,1.0
AA,ORD,LAX,-7.0
AA,MIA,MCI,3.0
AA,DFW,ONT,-12.0
AA,DFW,LGA,-17.0
AA,DFW,SAN,5.0
AA,SAT,DFW,-12.0
AA,SJU,MIA,-22.0
AA,DFW,SJC,0.0
AA,SLC,PHX,-16.0
AA,MCO,PHX,57.0
AA,PHX,BWI,-32.0
AA,LGA,CLT,-21.0
AA,BWI,CLT,-9.0
B6,JAX,BOS,-16.0
AS,BOS,PDX,-59.0
AS,SLC,SEA,-31.0
AS,LAX,SEA,-24.0
AS,LAS,SEA,-23.0
EV,LFT,IAH,-23.0
OO,SLC,LGB,-9.0
UA,IAD,BOS,-26.0
AA,ORD,DCA,-5.0
UA,IAD,ORD,-2.0
OO,SNA,SFO,-27.0
AA,ORD,PHX,-9.0
EV,ELM,ORD,-10.0
MQ,ORD,DTW,-16.0
OO,OKC,LAX,0.0
UA,IAD,DEN,-16.0
AA,EWR,CLT,-2.0
DL,BOS,ATL,-19.0
DL,SLC,PHX,-9.0
DL,SLC,JFK,-20.0
DL,DFW,ATL,-23.0
DL,ATL,HSV,-11.0
DL,LAX,OGG,-9.0
DL,SLC,GEG,-17.0
OO,FSD,MSP,-5.0
OO,ICT,DEN,21.0
UA,EWR,MCO,-24.0
UA,SFO,KOA,-23.0
OO,MMH,SFO,-7.0
WN,CMH,LAS,20.0
WN,DAL,MCI,-4.0
WN,DEN,LAX,21.0
WN,DEN,MKE,19.0
WN,ABQ,LAX,2.0
WN,ABQ,MDW,1.0
WN,ALB,MDW,-12.0
WN,ATL,MDW,-9.0
WN,BWI,LAS,-15.0
WN,CHS,MDW,-15.0
WN,SNA,OAK,-7.0
WN,STL,BWI,3.0
WN,TPA,BDL,-12.0
WN,TUS,DEN,-19.0
WN,ELP,LAS,-5.0
WN,HOU,LAX,1.0
WN,MDW,DAL,-2.0
WN,OAK,BUR,16.0
WN,OAK,DAL,-15.0
WN,PHL,ATL,-18.0
WN,PHL,MDW,10.0
AA,DCA,LAX,51.0
AA,DFW,PHL,-8.0
AA,LGA,MIA,14.0
AA,DFW,PSP,5.0
AA,ORD,SNA,-10.0
AA,IAH,MIA,10.0
AA,STT,MIA,-14.0
AA,FLL,CLT,-1.0
AA,PBI,PHL,-17.0
AA,TPA,CLT,-14.0
AA,DTW,CLT,-6.0
AA,DFW,RNO,-6.0
B6,BOS,DCA,5.0
AS,ADK,ANC,-14.0
AS,BUR,SEA,-21.0
AS,BWI,SEA,-36.0
HA,HNL,OGG,-6.0
B6,JFK,CLT,3.0
B6,PBI,JFK,-13.0
NK,SJU,FLL,-9.0
OO,BUF,ORD,31.0
OO,MAF,DEN,-5.0
UA,MSP,IAH,36.0
NK,ORD,RSW,9.0
B6,LGB,SFO,-9.0
NK,STT,FLL,-31.0
AA,ORD,BOS,-34.0
DL,MSP,TPA,-2.0
DL,ATL,STL,-20.0
DL,ATL,DCA,-9.0
MQ,XNA,DFW,-4.0
MQ,DFW,OKC,-10.0
NK,ACY,RSW,-5.0
OO,SPI,ORD,-12.0
UA,LAX,ITO,-10.0
OO,OKC,DEN,0.0
VX,SEA,SFO,-21.0
WN,DAL,SAT,18.0
WN,BOS,CMH,-7.0
WN,BUR,OAK,10.0
WN,SMF,BUR,32.0
WN,TPA,BWI,1.0
WN,GEG,LAS,-9.0
WN,LAS,LAX,6.0
WN,MCI,BWI,-9.0
WN,MCO,DAL,-5.0
WN,MCO,IND,5.0
WN,MDW,BOS,-26.0
WN,MDW,BWI,-19.0
WN,OAK,LAX,22.0
WN,RSW,STL,31.0
WN,SAT,ELP,-5.0
WN,SFO,LAS,-16.0
WN,SFO,PHX,-25.0
AA,LAX,OGG,43.0
AA,MIA,SFO,17.0
AA,DFW,DEN,35.0
AA,MIA,LAS,-9.0
AA,MIA,SAT,-4.0
AA,EWR,MIA,11.0
AA,ORD,DEN,-6.0
AA,TPA,PHX,-8.0
AA,IAD,LAX,0.0
AA,MCO,CLT,-8.0
AA,MIA,CLT,4.0
AA,DCA,CLT,37.0
B6,ALB,MCO,-1.0
AS,EWR,SEA,-46.0
AS,ADQ,ANC,-16.0
AS,ORD,PDX,-51.0
AS,SEA,HNL,-17.0
HA,LIH,HNL,8.0
NK,LAS,ORD,-28.0
UA,IAD,TPA,-19.0
OO,SLC,SFO,-17.0
DL,SLC,MSP,-8.0
NK,LAS,DEN,7.0
B6,FLL,LGA,-18.0
DL,RDU,ATL,-13.0
OO,SFO,BUR,-19.0
B6,BOS,LAX,-10.0
DL,SLC,LAX,-9.0
MQ,BNA,ORD,-10.0
DL,MSP,ANC,-35.0
DL,ATL,ATW,-18.0
DL,ATL,DFW,-16.0
EV,GRR,ORD,-1.0
EV,ATL,EYW,-10.0
F9,PHL,RSW,19.0
F9,MCO,DEN,-12.0
NK,BOS,FLL,-4.0
OO,MSP,ISN,-13.0
OO,MSP,RAP,-18.0
UA,IAD,SFO,-13.0
VX,SAN,SFO,-10.0
WN,AUS,DAL,-5.0
WN,AUS,MCO,-13.0
WN,BOI,GEG,41.0
WN,BWI,BNA,8.0
WN,STL,DAL,32.0
WN,TPA,ATL,-4.0
WN,HOU,PHX,9.0
WN,LAS,SAN,-4.0
WN,LAS,SDF,27.0
WN,LAX,AUS,-7.0
WN,LAX,SFO,28.0
WN,OMA,MDW,-12.0
WN,RDU,BWI,-16.0
WN,RDU,DAL,10.0
AA,ATL,DFW,-14.0
AA,DFW,SEA,-12.0
AA,DFW,ORD,-38.0
AA,MIA,SJU,7.0
AA,DFW,JAC,7.0
AA,MCO,PHL,26.0
B6,BOS,PIT,-3.0
B6,SFO,LAS,-2.0
AA,JFK,EGE,-14.0
AS,SNA,SEA,-25.0
AS,SEA,LAX,-17.0
DL,MEM,ATL,-18.0
EV,EWR,GSP,8.0
EV,BHM,ATL,4.0
HA,ITO,OGG,13.0
OO,AUS,IAH,25.0
EV,ELM,DTW,-8.0
MQ,CVG,DFW,15.0
OO,SAT,IAH,-8.0
OO,LAX,SFO,25.0
OO,DEN,ASE,74.0
UA,SJU,IAD,-4.0
UA,SAN,SFO,33.0
AS,SCC,BRW,1.0
DL,MSP,MCI,96.0
EV,MSP,MDW,-3.0
HA,OGG,HNL,4.0
DL,JFK,PHX,3.0
EV,CRP,IAH,-5.0
EV,ATL,DHN,36.0
EV,ATL,MOB,18.0
F9,TTN,MCO,-8.0
OO,DEN,COS,6.0
UA,EWR,FLL,-9.0
UA,DEN,LAX,-11.0
DL,MSP,ATL,3.0
DL,MSP,GEG,-42.0
DL,DTW,SLC,-7.0
DL,MCO,ATL,-25.0
DL,LGA,ATL,-21.0
DL,LAX,KOA,-13.0
DL,ATL,ALB,-17.0
EV,ORD,TYS,4.0
EV,ORD,CHS,-10.0
EV,ATL,BTR,37.0
EV,ORD,BUF,0.0
MQ,JAX,MIA,-14.0
MQ,EVV,ORD,-14.0
MQ,DFW,AEX,37.0
MQ,GNV,MIA,-15.0
NK,SAN,DFW,-26.0
OO,ICT,ORD,-25.0
NK,ATL,BWI,-9.0
OO,PHX,PSP,9.0
OO,SEA,SLC,-3.0
OO,SLC,CPR,-23.0
OO,FWA,DTW,-11.0
OO,BIS,DEN,-17.0
OO,DEN,DFW,10.0
OO,DEN,MOT,-4.0
OO,ORD,AVL,-13.0
OO,APN,DTW,-3.0
UA,ORD,SFO,6.0
UA,ORD,CLE,-10.0
UA,SJU,IAH,-14.0
UA,EWR,SFO,50.0
UA,ORD,EWR,4.0
VX,AUS,SFO,-12.0
VX,MCO,LAX,-15.0
VX,LAX,DAL,80.0
WN,CMH,BWI,1.0
WN,DAL,HOU,-2.0
WN,DEN,MCI,-14.0
WN,DEN,PDX,-16.0
WN,ATL,LGA,-12.0
WN,ATL,TPA,-11.0
WN,BOS,BWI,-9.0
WN,STL,MDW,-9.0
WN,STL,OMA,35.0
WN,TPA,ALB,-20.0
WN,HOU,DAL,-1.0
WN,HOU,MAF,5.0
WN,IND,LAS,9.0
WN,LAX,MDW,-22.0
WN,MCO,MSY,-2.0
WN,MDW,ATL,-8.0
WN,MDW,LAX,-7.0
WN,OAK,SAN,4.0
WN,PDX,SNA,-14.0
AA,JFK,SAN,159.0
AA,JFK,LAX,37.0
AA,DTW,MIA,16.0
AA,ORD,LGA,-26.0
AA,MCI,ORD,-7.0
AA,DFW,LAX,96.0
AA,DCA,MCI,-8.0
AA,PHX,MCO,17.0
AA,PHX,IAH,50.0
AA,PHL,CLT,7.0
AA,DCA,BOS,-19.0
B6,JFK,BUR,-14.0
B6,BDL,MCO,15.0
B6,JFK,LAS,-8.0
AS,MCO,SAN,4.0
DL,MSP,DEN,-4.0
EV,PIA,DFW,-5.0
DL,ATL,LAX,-12.0
MQ,IND,ORD,1.0
MQ,ORD,CMH,-6.0
AA,BOS,ORD,-19.0
EV,MKE,IAH,-5.0
EV,ORD,GRB,-10.0
OO,SMF,SFO,-11.0
UA,ORD,MSN,20.0
HA,HNL,ITO,12.0
UA,MCO,LAX,-7.0
UA,RSW,EWR,-18.0
B6,DCA,PBI,-11.0
OO,ORD,DAY,-9.0
UA,ORD,DEN,-4.0
DL,ATL,PBI,0.0
DL,MSP,LAX,32.0
DL,ATL,SNA,0.0
DL,ATL,RSW,-9.0
DL,ATL,SJU,-1.0
DL,MSP,SNA,-21.0
DL,HNL,ATL,-30.0
DL,FLL,LGA,-2.0
DL,ATL,BWI,-15.0
DL,MSP,BIL,-35.0
DL,MSP,OMA,-6.0
EV,CHS,IAH,-1.0
EV,ORD,MHT,17.0
OO,PHX,LAX,-16.0
UA,DEN,DSM,-12.0
UA,DEN,IAH,-16.0
UA,ORD,IAH,24.0
UA,IAD,LAX,4.0
UA,IAD,SEA,-41.0
VX,LAX,SFO,-11.0
WN,DAL,STL,-13.0
WN,BWI,DAL,2.0
WN,SMF,SAN,-5.0
WN,SNA,MCI,-19.0
WN,DEN,STL,5.0
WN,HOU,PNS,30.0
WN,LAS,CLE,-13.0
WN,LAS,SMF,0.0
WN,LGA,MCI,-17.0
WN,MCI,DEN,2.0
WN,MCI,MKE,-3.0
WN,MCO,CMH,7.0
WN,MSY,BWI,-16.0
WN,OAK,LAS,109.0
WN,PBI,BWI,19.0
WN,PWM,BWI,14.0
WN,SJC,DAL,-4.0
AA,DCA,MIA,1.0
AA,MIA,LGA,8.0
AA,CLT,PHL,21.0
AA,DFW,PHX,62.0
AA,PHX,SEA,-13.0
AA,PHX,SMF,-12.0
AA,PHL,MIA,50.0
AA,STT,PHL,-21.0
AA,DCA,RSW,-17.0
AA,PBI,DCA,-16.0
B6,BOS,MCO,-11.0
B6,MCO,HPN,30.0
B6,HOU,BOS,-25.0
B6,PBI,BOS,10.0
B6,RSW,JFK,-9.0
B6,SJU,FLL,11.0
AA,IAD,MIA,-14.0
AS,SMF,SEA,-22.0
EV,IAH,MFE,6.0
B6,PBI,DCA,33.0
EV,IAH,LCH,-16.0
EV,IAH,BRO,-1.0
EV,IAH,HRL,-3.0
OO,IAH,COS,-20.0
UA,BOS,LAX,-18.0
OO,DEN,XNA,-6.0
DL,ROC,ATL,371.0
DL,MSP,MCO,47.0
NK,BWI,ORD,0.0
EV,IAH,CRP,1.0
UA,ORD,LAX,-14.0
UA,DEN,SFO,-11.0
AA,BNA,DFW,10.0
AA,DFW,LAS,61.0
B6,BOS,LGB,-15.0
B6,BOS,PBI,87.0
EV,PWM,EWR,4.0
EV,EWR,PWM,9.0
UA,PDX,SFO,-4.0
DL,MSP,SFO,-6.0
DL,ATL,JAX,1.0
DL,MSP,SEA,-39.0
DL,SEA,HNL,34.0
DL,ATL,JFK,-16.0
DL,ATL,RDU,-15.0
DL,SEA,OGG,-8.0
DL,SLC,BIL,-8.0
F9,DCA,DEN,3.0
F9,SFO,DEN,-19.0
OO,PHX,YUM,-7.0
OO,DEN,RAP,16.0
UA,ORD,DFW,-14.0
UA,SJU,EWR,-3.0
OO,DEN,TUL,28.0
WN,DAL,MDW,10.0
WN,ATL,BWI,43.0
WN,AUS,BWI,-6.0
WN,BDL,BWI,-24.0
WN,HOU,LAS,33.0
WN,HOU,OKC,-10.0
WN,IAD,MDW,-5.0
WN,LAS,BUR,6.0
WN,LAS,SEA,17.0
WN,MCO,RDU,53.0
WN,MDW,BNA,-4.0
WN,MKE,MCO,37.0
WN,PHX,LAX,29.0
AA,LAX,BNA,-19.0
AA,DFW,SLC,-1.0
AA,PHX,RNO,-14.0
AA,PHX,SJC,-12.0
AA,DTW,PHX,0.0
AA,ATL,CLT,-17.0
AA,CLT,BWI,5.0
AA,CLT,RIC,1.0
B6,EWR,FLL,-8.0
AS,PHL,SEA,-59.0
AS,SAN,SEA,-25.0
AS,LAX,SEA,-21.0
AS,PDX,LAX,-7.0
UA,ORD,MCO,-16.0
UA,IAH,LAX,14.0
AA,ORD,PDX,-52.0
AA,MSY,DFW,-11.0
UA,IAH,LGA,-39.0
UA,IAH,DFW,-12.0
UA,DEN,IAD,-25.0
B6,BOS,PHX,-19.0
EV,IAH,MCI,-17.0
EV,IAH,ELP,-8.0
OO,MSP,ICT,-24.0
UA,ORD,ORF,-4.0
AA,BOS,JFK,-21.0
EV,IAH,AEX,-21.0
HA,KOA,HNL,9.0
MQ,DFW,LIT,49.0
NK,DTW,FLL,-1.0
OO,IAH,SLC,-18.0
OO,IAH,TUS,5.0
AA,MIA,MCO,3.0
DL,MSP,LAS,-6.0
DL,FLL,ATL,10.0
DL,ATL,LGA,-26.0
DL,ATL,MSP,-20.0
DL,SJU,JFK,9.0
DL,MIA,ATL,-15.0
DL,ATL,GPT,-13.0
DL,MSP,RSW,-11.0
DL,MSP,MSO,-34.0
DL,IAD,ATL,-23.0
DL,ATL,IAD,-14.0
DL,RIC,ATL,-19.0
DL,MSP,SJC,-33.0
DL,ATL,TPA,-11.0
DL,ATL,ECP,-8.0
EV,OMA,IAH,-16.0
F9,DEN,MSO,53.0
F9,PHL,IAH,-10.0
F9,ATL,MSY,16.0
HA,HNL,OGG,-8.0
MQ,ORD,GRR,-6.0
NK,LAX,ORD,-33.0
OO,PHX,TUS,-7.0
OO,DEN,ISN,14.0
OO,DEN,BIS,1.0
OO,MSP,ABR,45.0
UA,ORD,BTV,-1.0
VX,BOS,LAX,-7.0
VX,DAL,SFO,42.0
VX,SFO,LAX,-4.0
WN,DAL,AMA,76.0
WN,DEN,HOU,17.0
WN,ATL,FLL,27.0
WN,BNA,DCA,-18.0
WN,BWI,AUS,5.0
WN,STL,MSY,16.0
WN,FLL,AUS,7.0
WN,LAS,AMA,-8.0
WN,LAS,TUL,20.0
WN,LGA,MDW,-31.0
WN,MDW,GSP,-12.0
WN,OMA,PHX,63.0
WN,PIT,MCO,13.0
WN,SJC,BUR,3.0
AA,LGA,ORD,-13.0
AA,PHL,ORD,-3.0
AA,DFW,LAX,61.0
AA,CLT,PHX,67.0
AA,LAX,PHX,-16.0
AA,CMH,PHX,30.0
AA,PHL,STT,9.0
AA,PHL,DFW,82.0
AA,CLT,ATL,46.0
B6,FLL,JAX,87.0
B6,FLL,EWR,-15.0
AS,FAI,SEA,62.0
AS,PHX,ANC,-43.0
AS,SEA,OGG,-22.0
OO,DEN,SLC,-14.0
UA,ORD,ALB,-27.0
OO,SFO,SLC,-18.0
EV,PVD,EWR,-6.0
MQ,SGF,DFW,-13.0
UA,DEN,FLL,-9.0
UA,IAH,DEN,-7.0
DL,MSP,PHX,-20.0
EV,DFW,BTR,-10.0
OO,IAH,ICT,-12.0
UA,ORD,BWI,-22.0
UA,ORD,CMH,43.0
UA,ORD,TPA,15.0
AA,IAH,DFW,-20.0
AS,KTN,SEA,-6.0
DL,BWI,ATL,-17.0
DL,ATL,BOS,-22.0
DL,ATL,MSY,-11.0
DL,PBI,ATL,-18.0
EV,ORD,SAV,-4.0
EV,MSP,OKC,-25.0
F9,RSW,STL,-13.0
MQ,CLT,SGF,23.0
MQ,MHK,DFW,0.0
NK,MCO,ORD,-8.0
NK,LBE,MCO,73.0
OO,DRO,PHX,-22.0
NK,MSY,ORD,-13.0
EV,ATL,JAN,-19.0
UA,DEN,MIA,-20.0
UA,IAH,SAN,-3.0
UA,DEN,ORD,-28.0
UA,DEN,BOS,-34.0
WN,DEN,DAY,-4.0
WN,DEN,IAD,-12.0
WN,DEN,IND,-12.0
WN,DEN,PIT,-14.0
WN,BNA,MCO,-19.0
WN,BUF,MDW,14.0
WN,BUR,SJC,-9.0
WN,BWI,MHT,4.0
WN,BWI,OKC,56.0
WN,FLL,MDW,-19.0
WN,LAS,MKE,-18.0
WN,LAX,PHX,-5.0
WN,MCO,MDW,-12.0
WN,MDW,MSP,-17.0
WN,MDW,PHX,3.0
WN,PHX,LAS,-10.0
WN,SAT,MDW,-8.0
AA,ORD,SJC,60.0
AA,LGA,DFW,-25.0
AA,DFW,IAH,142.0
AA,MCO,MIA,-12.0
AA,PHX,PDX,-16.0
AA,PHX,DFW,6.0
AA,CLT,TPA,-5.0
AA,CLT,ORD,0.0
AA,STL,PHX,-1.0
AA,PHL,IND,-16.0
AA,TPA,MIA,-8.0
B6,RDU,BOS,-10.0
B6,LGA,MCO,-8.0
B6,SJU,BOS,0.0
AS,SJC,SEA,-15.0
AS,IAH,SEA,-24.0
AS,BLI,HNL,-7.0
OO,LAX,SAN,21.0
AA,IND,LAX,-2.0
B6,ORD,JFK,-22.0
OO,MFR,SFO,-12.0
UA,DEN,TPA,14.0
MQ,BWI,ORD,-20.0
OO,HYS,DEN,0.0
MQ,MAF,DFW,67.0
UA,EWR,RDU,-12.0
UA,IAH,SMF,-5.0
UA,IAH,SFO,-9.0
UA,IAH,ORD,-43.0
DL,ATL,SFO,-19.0
DL,BUF,ATL,36.0
EV,ORD,GSO,-10.0
OO,DEN,BNA,3.0
UA,ORD,RDU,-15.0
AA,CLT,DTW,-8.0
AA,STL,ORD,2.0
B6,BUF,BOS,-24.0
DL,SEA,JNU,-15.0
DL,ATL,SLC,4.0
DL,LGA,FLL,-36.0
DL,JFK,ATL,-25.0
DL,TPA,ATL,-16.0
DL,ATL,MCO,-7.0
DL,SFO,HNL,-8.0
DL,MSP,PDX,-42.0
EV,LFT,DFW,-19.0
OO,SFO,MCI,-44.0
UA,IAD,PHX,-20.0
UA,IAD,SFO,17.0
UA,MCO,SFO,-5.0
WN,DAL,LAS,7.0
WN,DAL,LAX,63.0
WN,DCA,MDW,-4.0
WN,DEN,PHX,11.0
WN,ABQ,DAL,3.0
WN,ALB,BWI,-18.0
WN,AUS,LAX,3.0
WN,HOU,ATL,14.0
WN,LAS,SLC,1.0
WN,LAX,HOU,10.0
WN,MSY,HOU,-5.0
WN,MSY,STL,-13.0
WN,PDX,SMF,-11.0
WN,RDU,LAS,29.0
WN,ROC,BWI,-17.0
WN,SEA,SNA,-3.0
AA,STL,LAX,16.0
AA,RDU,ORD,142.0
AA,TUL,DFW,12.0
AA,DFW,SAT,-7.0
AA,PHX,SLC,-16.0
AA,PHL,SFO,-29.0
AA,IAH,PHL,-7.0
AA,RDU,PHL,-4.0
AA,RDU,CLT,-3.0
AA,CLT,JAX,-7.0
AA,JAX,CLT,12.0
AA,RIC,CLT,6.0
B6,BOS,IAD,-17.0
B6,FLL,RDU,-11.0
B6,MCO,JFK,-1.0
B6,BWI,FLL,16.0
B6,RSW,DCA,39.0
AS,RDU,SEA,30.0
NK,TPA,CLE,46.0
EV,BWI,IAH,-15.0
NK,IAH,MSY,70.0
OO,SFO,EUG,31.0
UA,ORD,PHL,-12.0
EV,MLU,DFW,-21.0
MQ,ICT,DFW,-6.0
DL,ATL,SAN,8.0
EV,ICT,ORD,-36.0
HA,LIH,HNL,-4.0
OO,SBN,DTW,4.0
UA,EWR,SAT,136.0
UA,ORD,BOS,-31.0
AA,MSP,PHX,11.0
AA,CLT,BNA,3.0
AA,CLT,PWM,-10.0
B6,EWR,BOS,-19.0
B6,DCA,BDL,-7.0
DL,DCA,ATL,-30.0
DL,LGA,ATL,-18.0
DL,ATL,PNS,-16.0
DL,LGA,MCO,-20.0
DL,EWR,ATL,-25.0
EV,LGA,BGR,-28.0
F9,ORD,DEN,56.0
F9,DEN,LAS,-9.0
F9,TPA,PHL,-13.0
HA,HNL,KOA,13.0
OO,FLG,PHX,-1.0
OO,SEA,FAT,5.0
OO,ORD,FWA,-9.0
OO,ORD,PAH,-13.0
UA,DEN,OKC,-8.0
UA,IAH,LAS,4.0
UA,LAX,OGG,-1.0
OO,ORD,CMX,-7.0
VX,DAL,LAS,36.0
WN,CMH,DEN,9.0
WN,BHM,BWI,-28.0
WN,SNA,LAS,-14.0
WN,TPA,PHL,-4.0
WN,TPA,SJU,4.0
WN,HOU,DAL,-14.0
WN,HOU,HRL,7.0
WN,LAX,OAK,-3.0
WN,MCI,OAK,0.0
WN,OAK,ONT,-12.0
WN,OAK,SEA,9.0
WN,PHL,STL,-12.0
WN,PIT,MDW,11.0
WN,RIC,ATL,17.0
WN,RNO,LAS,21.0
WN,SJU,BWI,-7.0
AA,OGG,DFW,22.0
AA,LAX,KOA,-8.0
AA,CLT,SJU,62.0
AA,DFW,DCA,-26.0
AA,SEA,PHX,-2.0
AA,PDX,PHX,35.0
AA,ATL,PHX,-7.0
AA,PHL,LAS,-17.0
AA,PHX,LAX,68.0
AA,IND,PHX,29.0
AA,PHL,SAN,-2.0
AA,CLT,ORF,-3.0
AA,DCA,MCO,-19.0
B6,JFK,RSW,-4.0
B6,MCO,SJU,-2.0
AA,LAX,DFW,-14.0
AS,ANC,SEA,5.0
AS,ONT,SEA,-16.0
AS,SEA,LIH,-19.0
EV,CVG,ORD,-20.0
NK,ORD,LGA,-26.0
NK,DTW,DEN,28.0
UA,SFO,LAS,-18.0
B6,SEA,LGB,-11.0
UA,LAX,DEN,-24.0
AA,PHL,LAX,-22.0
EV,ORD,SCE,-3.0
MQ,ORD,CID,-13.0
MQ,CVG,MIA,81.0
HA,HNL,ITO,9.0
B6,CLT,BOS,5.0
DL,HNL,MSP,-17.0
DL,ATL,DEN,-15.0
NK,LAX,LAS,39.0
OO,PSP,PHX,-3.0
OO,PHX,BFL,-15.0
UA,FLL,SFO,-17.0
OO,IAH,ASE,-28.0
VX,SFO,OGG,9.0
VX,SFO,SAN,-16.0
WN,DAL,LIT,11.0
WN,DAL,TUL,-11.0
WN,DEN,JAX,-12.0
WN,ATL,MCO,-10.0
WN,AUS,OAK,10.0
WN,BUR,SMF,-5.0
WN,SMF,PHX,41.0
WN,FLL,BWI,-21.0
WN,FLL,CMH,-16.0
WN,FLL,HOU,-28.0
WN,LAS,OAK,9.0
WN,LAS,OMA,-12.0
WN,LAX,DAL,7.0
WN,LAX,SJC,-4.0
WN,MDW,LAS,-7.0
WN,MDW,MCI,31.0
WN,PHX,MKE,-4.0
WN,PHX,OAK,-16.0
WN,SLC,PHX,89.0
AA,DCA,JFK,-27.0
AA,PHL,SJU,26.0
AA,IAH,PHX,-10.0
AA,CLT,SEA,-27.0
AA,PHL,SJU,-76.0
AA,CLT,EWR,-12.0
AA,PHL,RSW,-21.0
AA,CLT,SFO,-18.0
AA,CLT,RDU,-7.0
AA,CLT,IAH,14.0
B6,BDL,SJU,-18.0
AS,SFO,SEA,13.0
AS,LAX,SEA,-11.0
EV,EWR,BTV,-11.0
F9,PHX,SFO,-33.0
OO,MCI,SFO,8.0
MQ,AMA,DFW,18.0
UA,ORD,IAD,21.0
B6,SJU,MCO,-14.0
B6,LGB,PDX,-10.0
UA,BOS,SFO,-33.0
UA,PHL,SFO,-15.0
UA,IAH,SEA,-25.0
AA,SAT,DFW,-16.0
DL,PDX,HNL,-15.0
F9,DFW,DEN,-17.0
F9,LAX,DEN,9.0
F9,CLE,MCO,43.0
MQ,MSN,ORD,-18.0
OO,PHX,SBA,-17.0
OO,PDX,ONT,-12.0
OO,SEA,LAS,-24.0
OO,SEA,GEG,-13.0
OO,DAY,ORD,12.0
OO,SFO,RDM,-12.0
UA,SFO,LAX,-16.0
UA,SFO,SEA,-12.0
WN,DAL,OKC,-9.0
WN,DCA,DAL,-15.0
WN,DEN,BOS,-13.0
WN,DEN,FLL,-21.0
WN,DEN,RDU,-20.0
WN,AUS,HOU,7.0
WN,CHS,BNA,-3.0
WN,TPA,PIT,18.0
WN,FLL,BDL,-8.0
WN,MDW,CLE,-11.0
WN,SAN,SAT,23.0
WN,SLC,LAS,-9.0
AA,DFW,AUS,2.0
AA,CLT,SAN,0.0
AA,PHX,LAS,-6.0
AA,PHX,ONT,-13.0
AA,PHX,SAN,27.0
AA,PHX,SFO,-14.0
AA,CLT,PIT,-14.0
AA,PHL,PHX,-4.0
AA,PHL,TPA,-21.0
B6,SWF,MCO,-6.0
B6,JFK,PBI,-7.0
B6,FLL,DTW,159.0
AS,SEA,ORD,0.0
AS,TPA,SEA,-48.0
UA,EWR,FLL,5.0
AA,OKC,DFW,-14.0
B6,JFK,MCO,-20.0
B6,JFK,LGB,-10.0
DL,ATL,ORF,-17.0
EV,ATL,BHM,5.0
MQ,RIC,ORD,11.0
UA,RDU,EWR,-6.0
HA,OGG,HNL,-4.0
MQ,MDT,ORD,-26.0
OO,LAX,COS,-10.0
B6,STT,SJU,30.0
B6,OAK,LGB,-1.0
EV,ORD,ROC,-22.0
AA,CLT,BDL,9.0
AA,CLT,BOS,-21.0
DL,MSY,ATL,-15.0
F9,DEN,MSP,0.0
MQ,PIT,ORD,6.0
MQ,DFW,BMI,-22.0
MQ,ROC,ORD,-33.0
MQ,SYR,ORD,-33.0
MQ,DFW,CVG,1.0
NK,BWI,FLL,-16.0
OO,LAX,SLC,-7.0
OO,GJT,PHX,2.0
OO,PDX,BUR,-20.0
UA,IAH,SNA,-1.0
UA,EWR,PBI,127.0
UA,IAH,PHX,-12.0
UA,EWR,MCO,-25.0
WN,DAL,MCO,16.0
WN,DEN,BDL,-25.0
WN,DEN,PHL,-13.0
WN,AUS,SJC,8.0
WN,BNA,MDW,52.0
WN,BWI,DTW,-15.0
WN,BWI,FLL,-26.0
WN,BWI,MDW,-7.0
WN,SMF,LAS,-3.0
WN,TPA,MDW,-16.0
WN,LAS,MDW,-31.0
WN,LAS,PDX,-13.0
WN,LAX,PDX,0.0
WN,LGA,IND,-10.0
WN,MCO,SJU,31.0
WN,OAK,BUR,-7.0
WN,OAK,LAS,6.0
WN,PHX,ABQ,-15.0
WN,PHX,SLC,-12.0
WN,SAN,SFO,-4.0
WN,SAT,HOU,31.0
WN,SJC,AUS,-13.0
AA,MIA,DFW,-8.0
AA,MCO,LAX,130.0
AA,DFW,MIA,-4.0
AA,BOS,MIA,-13.0
AA,LAX,SFO,-9.0
AA,STX,MIA,-6.0
AA,MIA,ORD,-11.0
AA,CLT,DFW,-19.0
AA,PHX,DEN,-10.0
AA,PHX,SNA,-9.0
AA,CLT,LAX,-1.0
AA,SJU,PHL,57.0
B6,MCO,BDL,-2.0
AS,PDX,SFO,11.0
AS,SAN,PDX,-16.0
AS,BOS,SAN,-50.0
DL,MCO,LAX,-4.0
EV,SHV,DFW,-42.0
NK,TPA,IAH,7.0
UA,ORD,BDL,-13.0
B6,JAX,JFK,11.0
MQ,CLL,DFW,-20.0
B6,FLL,JFK,37.0
OO,MKE,ORD,-25.0
DL,PBI,LGA,3.0
EV,DFW,TYS,-8.0
EV,TXK,DFW,15.0
MQ,DFW,MKE,12.0
MQ,CLE,ORD,-7.0
MQ,BMI,ORD,-27.0
MQ,SJT,DFW,-15.0
MQ,ORD,PIT,-8.0
MQ,ORD,MQT,40.0
OO,SEA,PDX,-9.0
UA,IAD,PDX,-27.0
WN,DAL,ELP,32.0
WN,DEN,DTW,-22.0
WN,DEN,MSP,11.0
WN,ABQ,OAK,21.0
WN,BWI,RDU,17.0
WN,TPA,ISP,22.0
WN,DEN,SDF,-14.0
WN,DEN,TPA,-8.0
WN,ELP,DAL,-18.0
WN,LAS,DAL,-4.0
WN,MCI,MDW,9.0
WN,MCO,ALB,-19.0
WN,MCO,STL,-16.0
WN,MDW,OMA,1.0
WN,PHX,ELP,-2.0
WN,RSW,MDW,-6.0
WN,SJC,ONT,28.0
AA,LGA,DFW,-13.0
AA,DFW,MCI,-14.0
AA,DFW,CMH,-24.0
AA,DFW,TPA,-18.0
AA,DFW,ORD,-35.0
AA,DFW,RDU,-5.0
AA,DFW,ATL,-10.0
AA,CLT,MIA,11.0
AA,PHL,MCO,39.0
AA,CLT,MCO,5.0
AS,SEA,KOA,-26.0
AA,DFW,STL,-22.0
AA,DFW,MSY,91.0
AA,MIA,STT,-10.0
AS,SEA,SJC,-3.0
EV,FSM,DFW,3.0
B6,TPA,HPN,229.0
MQ,PIA,ORD,-26.0
MQ,BUF,ORD,-12.0
EV,ORD,TYS,-10.0
B6,DCA,FLL,-8.0
HA,ITO,HNL,-11.0
OO,FWA,ORD,5.0
MQ,ORD,IND,-20.0
MQ,GRB,ORD,-32.0
MQ,ABI,DFW,0.0
MQ,ORD,BNA,-6.0
OO,LAX,TUS,-6.0
DL,JFK,DEN,-13.0
DL,SEA,PHX,22.0
DL,LGA,MIA,-22.0
DL,ATL,CAE,-2.0
EV,TYR,DFW,-23.0
EV,ATL,CHA,-15.0
F9,DEN,ORD,-1.0
HA,HNL,OGG,-9.0
HA,OGG,HNL,-5.0
MQ,ORD,HPN,-24.0
MQ,ORD,MEM,-20.0
OO,CHO,ORD,-23.0
WN,DAL,RDU,12.0
WN,DCA,BNA,-14.0
WN,ATL,DEN,-1.0
WN,ATL,LAS,-16.0
WN,BNA,ECP,2.0
WN,TPA,DAL,5.0
WN,DTW,MDW,-23.0
WN,LAS,ELP,7.0
WN,LAS,PHX,-2.0
WN,LAS,SFO,17.0
WN,MDW,STL,12.0
WN,MDW,TPA,-14.0
WN,MEM,BWI,-4.0
WN,MSY,MCO,-16.0
WN,PHL,DEN,-26.0
WN,PHX,DAL,-3.0
WN,SAT,PHX,12.0
AA,JFK,SEA,-23.0
AA,ORD,DFW,-21.0
AA,CLT,DEN,-1.0
AA,CLT,STL,-7.0
AA,PHL,PBI,-12.0
AA,CLT,FLL,-10.0
AA,PIT,PHL,-20.0
AA,DFW,DTW,-17.0
B6,LGB,SEA,-13.0
B6,TPA,LGA,12.0
B6,LAS,LGB,26.0
B6,MCO,BOS,32.0
B6,FLL,PHL,0.0
AS,PSP,SEA,-24.0
EV,ACT,DFW,55.0
EV,GRR,IAH,9.0
HA,HNL,LIH,9.0
AS,SIT,JNU,-8.0
AA,DCA,ORD,-27.0
NK,ACY,MCO,122.0
NK,IAH,ORD,-25.0
OO,ASE,LAX,-20.0
AA,ORD,AUS,-7.0
DL,JFK,SFO,-39.0
UA,EWR,LAX,-30.0
DL,LGA,PBI,-31.0
DL,JAX,ATL,-14.0
EV,DFW,CAE,36.0
DL,JFK,PDX,-41.0
F9,TTN,CLT,1.0
F9,DEN,PHX,2.0
MQ,DFW,ABI,-13.0
MQ,DFW,CMI,-18.0
MQ,DFW,BIS,-19.0
NK,ORD,FLL,20.0
NK,FLL,IAH,-7.0
UA,SAN,SFO,-10.0
UA,IAH,BOS,-29.0
OO,LAX,FAT,-21.0
MQ,ORD,MDT,-6.0
NK,LGA,MYR,-7.0
NK,LAS,SAN,3.0
VX,ORD,SFO,-19.0
VX,FLL,SFO,-24.0
VX,SFO,LAS,11.0
VX,SFO,LAX,-9.0
WN,AUS,MDW,-12.0
WN,CAK,ATL,-1.0
WN,SMF,SAN,16.0
WN,TPA,DEN,0.0
WN,TPA,MHT,53.0
WN,IND,MCO,-21.0
WN,MDW,PIT,-17.0
WN,SAN,LAS,4.0
WN,SEA,SMF,-10.0
WN,SJC,PDX,-1.0
AA,DFW,LGA,-7.0
AA,ORD,CLT,-24.0
AA,MIA,DCA,-12.0
AA,MIA,STX,11.0
AA,DEN,PHX,-4.0
AA,PHL,SEA,-48.0
AA,PHL,CLT,-32.0
AA,BOS,PHL,-1.0
AA,CLT,LGA,-2.0
AA,PHL,IAH,42.0
B6,BUF,JFK,-22.0
B6,MCO,EWR,0.0
AS,YAK,JNU,-34.0
AS,SAT,SEA,-22.0
AS,AUS,SEA,-19.0
OO,SFO,BOI,-20.0
AA,SJU,MIA,6.0
MQ,LAW,DFW,148.0
AA,DFW,IND,-26.0
AA,DFW,ORF,-21.0
OO,ABQ,LAX,-22.0
UA,IAH,LAX,14.0
B6,JFK,SJC,17.0
DL,TPA,LAX,0.0
MQ,ORD,BUF,-15.0
NK,ATL,DFW,-6.0
AA,ORD,ATL,-17.0
DL,MIA,MCO,0.0
EV,DFW,TLH,-6.0
MQ,ORD,CVG,-16.0
NK,DTW,TPA,-20.0
OO,SFO,RNO,-16.0
VX,LAS,SFO,16.0
WN,DEN,MDW,-23.0
WN,FLL,ISP,-5.0
WN,GSP,HOU,-17.0
WN,LAS,LAX,58.0
WN,LAS,MSY,-23.0
WN,LAX,LAS,35.0
WN,MKE,MCO,-20.0
WN,SAN,SEA,15.0
AA,ATL,LAX,-5.0
AA,ORD,JFK,-35.0
AA,RDU,MIA,-2.0
AA,PHL,ATL,-16.0
AA,DFW,EGE,-19.0
B6,PBI,BOS,4.0
B6,ORH,FLL,-30.0
B6,SJU,DCA,38.0
AS,DCA,SEA,-47.0
AS,FLL,SEA,9.0
AS,SEA,SFO,-10.0
DL,MIA,LGA,-25.0
HA,OGG,HNL,23.0
MQ,ORD,SYR,-10.0
AA,ORD,LAX,-8.0
MQ,LEX,ORD,-35.0
NK,MCO,ATL,-17.0
EV,ORD,SYR,-6.0
EV,CLE,MKE,-9.0
UA,MCO,IAH,-22.0
OO,ORD,CHO,-12.0
UA,FLL,EWR,-22.0
B6,PBI,LGA,-16.0
DL,MCO,ATL,3.0
EV,DFW,CHA,-5.0
F9,IND,DEN,-13.0
F9,MKE,LAS,104.0
MQ,DFW,GJT,-6.0
OO,OAK,SEA,-18.0
OO,SEA,SJC,-12.0
UA,RSW,IAH,-15.0
UA,SFO,HNL,20.0
VX,PSP,SFO,-12.0
WN,DAL,MKE,5.0
WN,DCA,CMH,-18.0
WN,STL,DAL,-6.0
WN,STL,GRR,-14.0
WN,DEN,SFO,22.0
WN,FLL,BNA,-11.0
WN,HOU,DEN,5.0
WN,LAS,OKC,1.0
WN,LAX,DEN,-16.0
WN,PHX,OKC,47.0
WN,SAN,TUS,16.0
WN,SJC,SAN,-15.0
AA,HNL,DFW,-26.0
AA,ORD,LGA,-27.0
AA,DFW,COS,25.0
AA,LAX,LAS,-6.0
AA,DFW,BNA,-22.0
AA,ORD,RDU,-14.0
AA,DFW,BWI,-12.0
AA,DFW,MSP,17.0
AS,LAX,SEA,-20.0
AS,SNA,PDX,-4.0
AS,ATL,SEA,-3.0
AS,MSY,SEA,-14.0
EV,CMH,IAH,23.0
EV,LEX,IAH,7.0
NK,DTW,MCI,43.0
OO,IAH,BOI,46.0
UA,MSY,SFO,-9.0
AA,ORD,MIA,-18.0
B6,BOS,JFK,-2.0
B6,FLL,HPN,36.0
MQ,ORD,CMH,-17.0
UA,SEA,SFO,-22.0
UA,SFO,LAS,-21.0
DL,FLL,ATL,-13.0
DL,ATL,SAT,-1.0
DL,ATL,TRI,-7.0
DL,LGA,TPA,35.0
EV,DFW,MEI,-14.0
DL,JFK,LAS,1.0
DL,JFK,SEA,-28.0
DL,LAX,HNL,-1.0
EV,DFW,BTR,27.0
EV,DFW,SPI,-30.0
F9,ATL,AUS,-27.0
MQ,CVG,ORD,-1.0
MQ,ASE,LAX,-5.0
MQ,DFW,SGF,-13.0
MQ,DFW,LRD,-9.0
MQ,DTW,ORD,-32.0
MQ,ORD,CLE,-19.0
NK,OAK,DFW,2.0
NK,DEN,LAS,-6.0
OO,LAX,ASE,-9.0
OO,DEN,MTJ,-5.0
MQ,DFW,RAP,-13.0
UA,DEN,PSP,-21.0
UA,DEN,JAC,-24.0
WN,DAL,CHS,5.0
WN,BOS,IND,-2.0
WN,BUR,LAS,8.0
WN,HOU,IND,-16.0
WN,ISP,MCO,-14.0
WN,LAS,RNO,-7.0
WN,LAX,SLC,-3.0
WN,MCO,FNT,-12.0
WN,MCO,IND,-6.0
WN,MSY,FLL,-12.0
WN,OKC,MDW,-18.0
WN,PBI,ISP,23.0
WN,PHX,AUS,51.0
WN,PIT,HOU,2.0
WN,SAN,PDX,33.0
WN,SEA,SAN,16.0
AA,DFW,SFO,0.0
AA,ORD,PBI,-23.0
AA,MCO,JFK,8.0
AA,DFW,PHX,-3.0
AA,SFO,LAX,-19.0
B6,DCA,MCO,-11.0
B6,JFK,BUF,-11.0
B6,FLL,LAX,-22.0
B6,HPN,FLL,31.0
B6,EWR,RSW,-11.0
AA,DFW,EWR,65.0
AS,BOS,SEA,-64.0
AS,SEA,KTN,-14.0
OO,SFO,SBA,-5.0
OO,DEN,HLN,-12.0
UA,DEN,LAX,-6.0
AA,ORD,BOS,-32.0
UA,MIA,IAH,1.0
UA,DEN,SFO,10.0
MQ,CMH,ORD,7.0
UA,LAX,IAD,-43.0
AA,ORD,STL,-23.0
AA,DFW,ONT,4.0
DL,JFK,TPA,-15.0
EV,DFW,SHV,-7.0
F9,MCO,LAS,4.0
F9,RSW,ORD,-4.0
MQ,ORD,XNA,-4.0
MQ,ORD,BWI,-20.0
OO,DEN,RDM,0.0
OO,DEN,FCA,19.0
OO,DEN,CPR,1.0
OO,DEN,IDA,-14.0
VX,LAX,SFO,-9.0
OO,ORD,BNA,3.0
WN,DAL,OAK,3.0
WN,DEN,ATL,48.0
WN,BWI,BDL,-2.0
WN,HOU,BOS,-23.0
WN,LAS,SJC,5.0
WN,MCO,SDF,-8.0
WN,PHX,SFO,-1.0
WN,RSW,BWI,61.0
AA,DFW,LAS,15.0
AA,DFW,SEA,171.0
AA,MIA,SJU,1.0
AA,DFW,FAT,-4.0
AA,ORD,PHX,-9.0
AA,DFW,DEN,4.0
AA,DFW,SAN,41.0
AA,DFW,SNA,23.0
AA,DFW,TUL,-6.0
AA,PHL,DEN,-20.0
AA,ORD,PHL,-25.0
B6,AUS,BOS,-18.0
B6,LGB,AUS,-7.0
AS,SJC,SEA,-20.0
AS,SEA,SAN,5.0
AS,SEA,SNA,-11.0
AS,SEA,PHX,-19.0
AS,IAD,SEA,-27.0
AS,STL,SEA,-3.0
HA,HNL,ITO,-5.0
UA,IAH,SFO,-6.0
UA,DEN,SEA,-11.0
OO,DEN,HDN,1.0
EV,JAN,IAH,-16.0
OO,SAN,LAX,-8.0
B6,BDL,FLL,-1.0
HA,OGG,HNL,-11.0
MQ,DFW,OKC,4.0
NK,CLE,LAX,14.0
DL,JFK,MCO,-10.0
DL,TPA,JFK,-13.0
EV,DFW,JAN,16.0
F9,ORD,MCO,-20.0
HA,ITO,HNL,11.0
MQ,ORD,ROC,-12.0
OO,DEN,COS,3.0
VX,FLL,LAX,5.0
VX,LGA,DAL,-6.0
WN,DEN,LAS,-7.0
WN,ATL,STL,-15.0
WN,BNA,FLL,-17.0
WN,BWI,DEN,4.0
WN,TUS,LAX,36.0
WN,LAS,STL,-18.0
WN,MCO,MKE,-12.0
WN,PHX,SLC,32.0
AA,LAS,LAX,-26.0
AA,DFW,FLL,-11.0
AA,DFW,DCA,-31.0
AA,DFW,LAX,31.0
AA,DFW,SAT,23.0
AA,CLT,MSY,-7.0
AA,DFW,CLT,3.0
AA,LGA,ORD,-36.0
B6,BWI,BOS,211.0
AS,MCO,SEA,-28.0
AS,SEA,ANC,-39.0
AS,SEA,LAS,-10.0
DL,JFK,SAN,-13.0
B6,MCO,JFK,-26.0
EV,IND,EWR,-29.0
OO,DEN,FAT,11.0
B6,SLC,LGB,-4.0
DL,MIA,JFK,-14.0
OO,DEN,GTF,2.0
OO,DEN,TUS,12.0
B6,FLL,DCA,-10.0
B6,BOS,EWR,-23.0
EV,LCH,IAH,-28.0
NK,ATL,FLL,19.0
VX,BOS,SFO,-46.0
AA,LGA,CLT,-14.0
B6,CLE,BOS,-14.0
B6,MCO,SLC,-28.0
B6,RSW,BOS,5.0
DL,MCO,LGA,-29.0
DL,JFK,MIA,99.0
DL,JFK,MSY,44.0
MQ,DFW,CRP,10.0
HA,HNL,KOA,9.0
MQ,DFW,HOU,-16.0
EV,EWR,RIC,-20.0
OO,YUM,PHX,-35.0
OO,SFO,ONT,-11.0
WN,DAL,CMH,-3.0
WN,DAL,DCA,21.0
WN,DAL,HOU,61.0
WN,TPA,BUF,29.0
WN,HOU,DAL,16.0
WN,HOU,MDW,-27.0
WN,LAS,AUS,43.0
WN,MCO,PHL,-14.0
WN,MDW,BOS,-17.0
WN,SEA,OAK,-19.0
AA,DFW,SJC,35.0
AA,DFW,SLC,-24.0
AA,MIA,LGA,-5.0
AA,DCA,DFW,-3.0
AA,DFW,ORD,-6.0
B6,JFK,FLL,71.0
B6,JFK,LAX,-13.0
B6,SAV,JFK,-1.0
AS,LAX,SLC,-19.0
AA,ORD,FLL,4.0
AS,OTZ,OME,3.0
OO,LAX,SBP,-11.0
NK,PDX,LAS,-2.0
UA,DEN,BOI,-10.0
UA,DEN,PDX,-14.0
DL,ATL,RSW,-6.0
DL,ATL,BWI,-7.0
DL,ATL,ORD,-10.0
DL,JFK,SLC,4.0
DL,ATL,TPA,43.0
DL,ATL,DTW,25.0
DL,ATL,FLL,20.0
DL,ATL,JAX,-5.0
DL,ATL,MEM,-11.0
DL,ATL,SGF,-13.0
EV,ATL,SHV,30.0
F9,TPA,STL,-9.0
NK,LAX,DFW,-2.0
OO,LAX,PHX,-11.0
OO,ATL,FWA,-14.0
OO,DEN,SMF,8.0
UA,DEN,GEG,45.0
WN,DAL,ABQ,15.0
WN,DAL,SMF,47.0
WN,ATL,JAX,3.0
WN,AUS,ATL,-8.0
WN,BWI,PVD,7.0
WN,TPA,STL,-11.0
WN,LAS,SAN,-3.0
WN,LAX,SMF,-7.0
WN,MCO,ROC,-6.0
WN,MSY,DEN,-16.0
WN,RDU,ATL,-1.0
WN,SAN,ABQ,-3.0
AA,CLT,DFW,-8.0
AA,TPA,LAX,-10.0
AA,DFW,PDX,-37.0
AS,BRW,ANC,-3.0
HA,HNL,OGG,-9.0
UA,EWR,DEN,33.0
MQ,MLI,ORD,-6.0
UA,LAS,SFO,-6.0
UA,DEN,RNO,-8.0
F9,CID,DEN,-11.0
MQ,AZO,ORD,-23.0
MQ,TOL,ORD,-36.0
DL,ATL,DFW,0.0
EV,IAH,TUL,7.0
EV,ATL,OAJ,-14.0
F9,LAS,SFO,4.0
F9,MSY,DEN,9.0
OO,TUS,PHX,1.0
OO,BFL,PHX,-22.0
OO,IAH,CVG,-19.0
OO,DEN,LAR,12.0
OO,ORD,ASE,-8.0
UA,IAD,DEN,-19.0
UA,DEN,SNA,-20.0
UA,ORD,SFO,-17.0
UA,DEN,SJC,-12.0
UA,ORD,LGA,-39.0
UA,ORD,IAH,-13.0
WN,BWI,MHT,-18.0
WN,TPA,BNA,-9.0
WN,TPA,PVD,21.0
WN,JAX,HOU,-10.0
WN,MCO,PVD,-18.0
WN,MSY,DCA,-16.0
WN,PHX,MDW,-22.0
WN,PHX,SMF,12.0
WN,SFO,SAN,-14.0
AA,EGE,LAX,11.0
AA,MIA,CLT,-16.0
B6,FLL,SFO,-25.0
AA,DFW,ABQ,10.0
OO,DEN,BIL,22.0
UA,ORD,DTW,-21.0
B6,JFK,PHX,12.0
DL,ATL,MSP,-12.0
EV,ORD,TUL,34.0
EV,ORD,MSN,-11.0
EV,IAH,LIT,-7.0
NK,RSW,LBE,-14.0
NK,MSP,ORD,-24.0
OO,IAH,BTR,31.0
UA,DEN,LAS,23.0
UA,IAH,ORD,-21.0
EV,ORD,FSD,-9.0
EV,IAH,ECP,-18.0
EV,ORD,OKC,4.0
NK,MCI,LAX,4.0
OO,ORD,SBN,13.0
DL,ATL,AUS,-14.0
EV,AEX,IAH,-43.0
NK,IAH,DTW,38.0
UA,IAH,ATL,-12.0
UA,EWR,MIA,-14.0
DL,ATL,LAS,-14.0
DL,ATL,MCI,19.0
DL,ATL,ILM,-7.0
DL,ATL,BNA,43.0
DL,ATL,RDU,-12.0
DL,ATL,MIA,-8.0
EV,IAH,SHV,-10.0
EV,IAH,SAV,-7.0
EV,ATL,AGS,-7.0
F9,ORD,PHL,20.0
OO,ORD,MCI,6.0
UA,ORD,DCA,-24.0
UA,ORD,SAN,-3.0
UA,ORD,EWR,-22.0
UA,EWR,FLL,-11.0
OO,DEN,ONT,14.0
WN,CMH,DAL,18.0
WN,DAL,MDW,55.0
WN,ATL,MCO,-18.0
WN,AUS,LAS,4.0
WN,BNA,MSY,-12.0
WN,BWI,BOS,-4.0
WN,BWI,LAX,-11.0
WN,HOU,BNA,-15.0
WN,IAD,DEN,-9.0
WN,LAX,LAS,6.0
WN,MCI,DAL,-5.0
WN,MCO,HOU,-19.0
WN,OAK,SAN,24.0
AA,LAX,HNL,-19.0
AA,MIA,ATL,-6.0
B6,DTW,BOS,-9.0
EV,IAH,BHM,-6.0
EV,IAH,SDF,-7.0
MQ,FWA,ORD,-19.0
HA,KOA,HNL,13.0
OO,IAH,MSP,-30.0
UA,DEN,SAN,-13.0
UA,ORD,BZN,-34.0
AA,SJC,PHX,-25.0
AA,SMF,PHX,-10.0
MQ,FNT,ORD,31.0
MQ,DAY,ORD,-21.0
OO,SFO,SLC,-7.0
UA,DEN,PHX,13.0
OO,ORD,BOI,-38.0
B6,PBI,HPN,-16.0
DL,MSP,ATL,-19.0
OO,MSP,ORD,9.0
UA,IAH,FLL,-11.0
B6,MCO,LGA,31.0
DL,ATL,DCA,-11.0
DL,ATL,BOS,-5.0
DL,JFK,AUS,43.0
DL,ATL,CMH,-15.0
DL,MSP,BWI,-19.0
DL,ATL,ICT,-28.0
DL,ATL,DAB,-13.0
EV,IAH,MOB,-11.0
EV,MSP,RIC,-21.0
EV,ORD,ICT,2.0
EV,ORD,HSV,8.0
F9,RSW,CLE,-12.0
OO,SBA,PHX,-21.0
OO,IAH,PSP,-18.0
OO,DEN,JMS,-5.0
WN,BNA,DEN,0.0
WN,BWI,MCO,-9.0
WN,BWI,STL,-1.0
WN,LAS,SMF,-9.0
WN,PHX,BUR,0.0
WN,SAT,DEN,32.0
AA,DFW,LGA,-15.0
AA,MIA,PHL,-16.0
AA,DFW,SMF,5.0
AA,PHL,BOS,-8.0
AA,DFW,PHL,22.0
B6,FLL,LAS,2.0
B6,SJU,BOS,-1.0
EV,HRL,IAH,-15.0
UA,EWR,LAX,-9.0
UA,IAH,SJU,4.0
UA,IAH,SAN,12.0
B6,SFO,LGB,0.0
EV,BRO,IAH,-10.0
HA,HNL,ITO,-4.0
NK,TPA,DFW,-3.0
OO,MSP,DAY,-18.0
UA,ORD,LAX,-19.0
UA,ORD,SNA,34.0
UA,IAH,MEM,-12.0
OO,MSP,SBN,-30.0
UA,EWR,MSY,-13.0
DL,ATL,JAN,-7.0
OO,LAX,SAT,-23.0
B6,BOS,FLL,-5.0
DL,ATL,MSN,-19.0
DL,ATL,CLT,80.0
DL,ATL,PHL,12.0
DL,ATL,PDX,-36.0
DL,ATL,RIC,-12.0
DL,JFK,SJU,-20.0
DL,JFK,ATL,-9.0
DL,MSP,IND,-21.0
DL,FLL,JFK,12.0
EV,IAH,BNA,-6.0
F9,MIA,ATL,149.0
MQ,GRR,ORD,7.0
HA,ITO,HNL,5.0
OO,MSP,GFK,-6.0
UA,IAH,DFW,18.0
UA,RSW,CLE,5.0
UA,IAH,PBI,-11.0
UA,IAH,EWR,-27.0
WN,ATL,TPA,-13.0
WN,AUS,DEN,-17.0
WN,BUR,SMF,-8.0
WN,FLL,BWI,-3.0
WN,MDW,BWI,5.0
WN,OMA,DEN,24.0
AA,ORD,DCA,90.0
AA,LAX,DFW,-19.0
AA,TPA,MIA,2.0
AA,SAN,PHX,2.0
AA,ONT,PHX,-9.0
AS,SEA,HNL,-11.0
B6,CHS,JFK,5.0
B6,TPA,JFK,-9.0
AS,SFO,SEA,-22.0
AS,SEA,PSP,-3.0
OO,MSP,CID,-7.0
UA,ORD,SEA,-37.0
B6,SRQ,LGA,16.0
DL,ATL,CHO,-9.0
UA,EWR,IAH,-19.0
OO,MSP,BRD,-11.0
DL,ATL,COS,11.0
OO,LAX,PSP,-12.0
UA,EWR,MCO,77.0
DL,ATL,TLH,-10.0
DL,ATL,MCO,0.0
DL,LGA,FLL,-38.0
DL,ATL,ABQ,-13.0
DL,JFK,FLL,1.0
DL,JFK,LAX,-10.0
DL,ATL,EWR,-16.0
DL,ATL,MSY,-8.0
DL,ATL,SJU,-6.0
DL,MSP,BOS,-23.0
EV,IAH,CLE,-18.0
EV,ORD,XNA,-6.0
EV,IAH,PIA,-25.0
EV,IAH,MSY,1.0
EV,ATL,HOU,-11.0
OO,DEN,GCC,9.0
OO,ORD,COS,11.0
UA,IAH,AUS,-7.0
OO,ORD,SGF,-8.0
WN,DAL,MCI,-6.0
WN,DAL,MEM,18.0
WN,BWI,ALB,4.0
WN,CLT,BWI,-13.0
WN,LAS,OAK,-10.0
AA,DFW,TUS,1.0
AA,LAX,SFO,-20.0
AA,SNA,PHX,-8.0
AA,DCA,TPA,-2.0
AA,PBI,PHL,-3.0
AA,FLL,PHL,-1.0
AS,LAX,SEA,-18.0
AS,SAN,SEA,-9.0
DL,MSP,BIS,-19.0
HA,OGG,HNL,-7.0
B6,BOS,LAX,-25.0
UA,IAH,LAS,-7.0
B6,BOS,SEA,-12.0
F9,DEN,CVG,76.0
F9,MKE,DEN,-30.0
HA,LIH,HNL,3.0
NK,ATL,TPA,102.0
NK,PHL,LAS,52.0
OO,ORD,DLH,-4.0
OO,ORD,EAU,-31.0
OO,DEN,RKS,-16.0
OO,MSP,BJI,-30.0
UA,IAH,MCO,-3.0
OO,PHX,LAX,8.0
WN,DAL,TPA,8.0
WN,AUS,BNA,-15.0
WN,BNA,TPA,-11.0
WN,LAS,LAX,12.0
WN,LAS,ONT,1.0
WN,LAS,PHX,12.0
WN,MDW,LAX,-8.0
WN,MDW,SEA,-29.0
WN,MDW,SJC,-17.0
WN,MDW,SLC,0.0
WN,MDW,TUS,13.0
WN,SEA,SJC,-13.0
AA,RSW,PHL,-26.0
AA,DCA,MCO,-10.0
B6,TPA,BDL,6.0
AS,PDX,PHX,41.0
AS,PHX,SEA,-18.0
OO,MSP,MKE,-12.0
UA,IAH,SAT,-7.0
AA,MCO,MIA,13.0
B6,JFK,TPA,-8.0
DL,MSP,FAR,1.0
B6,FLL,JFK,49.0
B6,FLL,PIT,11.0
B6,SJU,MCO,6.0
DL,ATL,SJC,-4.0
DL,DTW,LGA,14.0
DL,DTW,JFK,-16.0
DL,DTW,ATL,-25.0
EV,DTW,CLE,-10.0
EV,DTW,TVC,-16.0
NK,DTW,LAS,-5.0
OO,BOI,SEA,-20.0
UA,ORD,DEN,7.0
VX,SFO,LAS,-18.0
WN,DAL,ELP,46.0
WN,LAS,BUR,22.0
WN,LAS,SJC,92.0
WN,LAS,SLC,-5.0
WN,LAS,TUS,5.0
WN,MDW,DAL,5.0
WN,MDW,FLL,-20.0
WN,MDW,MHT,-17.0
WN,MDW,PDX,9.0
WN,MDW,RSW,-9.0
AA,ORD,LGA,-32.0
AA,LGA,DFW,-18.0
AA,PHX,ORD,-30.0
AA,LAS,PHX,-3.0
B6,JAX,FLL,71.0
B6,BOS,DEN,17.0
B6,SJU,FLL,109.0
B6,LGA,FLL,-11.0
AS,ORD,SEA,-51.0
AS,SNA,SEA,-33.0
AS,SEA,BUR,-9.0
AS,LAX,PDX,-22.0
DL,ATL,IND,-12.0
OO,MSP,RHI,-9.0
B6,PBI,EWR,3.0
HA,HNL,LIH,16.0
OO,DEN,PSC,-18.0
DL,ATL,VPS,-12.0
DL,ATL,LGA,-20.0
DL,LAX,PDX,-27.0
DL,MCO,JFK,-12.0
F9,ORD,ATL,-8.0
F9,DEN,LAX,1.0
NK,MSY,FLL,66.0
OO,PHX,PSP,-1.0
UA,EWR,SAN,1.0
WN,LAS,RNO,-4.0
WN,MDW,ATL,-1.0
WN,MDW,DEN,-5.0
WN,MDW,LAS,-4.0
WN,MDW,PHX,20.0
WN,MDW,SFO,-30.0
WN,PIT,MCO,13.0
AA,JFK,SJU,35.0
AA,IAH,MIA,53.0
AA,PHX,DTW,-29.0
AA,PHX,MCI,-10.0
AA,PHX,DSM,-12.0
AA,CLT,DCA,42.0
AA,CLT,DFW,-2.0
AA,CLT,BNA,-7.0
B6,JFK,RNO,-35.0
B6,JFK,SLC,-1.0
B6,LAS,SFO,-19.0
B6,LGA,PBI,-27.0
AS,SMF,SEA,-23.0
DL,ATL,IAH,-14.0
DL,MSP,SMF,-22.0
OO,ORD,AUS,25.0
UA,IAH,SEA,2.0
OO,MSP,HIB,-23.0
B6,SJU,JFK,9.0
NK,ORD,MSP,-15.0
B6,SJU,ORD,-17.0
DL,ATL,BZN,-15.0
DL,MSP,MSN,-14.0
DL,DTW,MCO,-19.0
EV,DTW,ELM,-16.0
EV,ATL,MLU,-8.0
NK,LAS,MSY,101.0
OO,BOI,SFO,-6.0
OO,DTW,BGM,16.0
UA,LAX,SFO,-3.0
UA,IAH,BWI,-11.0
VX,LAX,LAS,-11.0
WN,ATL,BOS,-6.0
WN,BNA,CLE,-14.0
WN,MCO,BDL,0.0
WN,MDW,CHS,-13.0
AA,PHX,OMA,59.0
AA,PHX,IAH,-18.0
AA,PHX,STL,-15.0
AA,PHX,MKE,-26.0
AA,CLT,MCO,-11.0
AA,CLT,MSP,-7.0
AA,PHX,MSP,-4.0
AA,DFW,MCO,-1.0
B6,SJU,TPA,21.0
B6,JFK,LAS,-5.0
AS,SEA,SNA,-18.0
AS,DFW,SEA,-32.0
AA,CLT,MCI,-5.0
NK,ORD,DFW,23.0
NK,LAX,OAK,-1.0
DL,MSP,ABQ,-9.0
B6,BOS,RIC,-6.0
B6,MCO,EWR,-17.0
AA,CLT,ROC,-2.0
DL,DTW,MSN,3.0
F9,MSP,DEN,-6.0
NK,LGA,FLL,-28.0
NK,DTW,LAX,0.0
NK,BWI,ATL,-6.0
NK,LAS,PDX,12.0
NK,MSP,DFW,8.0
OO,PHX,GJT,-6.0
OO,DTW,PLN,-19.0
OO,ATL,SBN,-28.0
UA,HNL,IAH,-29.0
UA,SAN,SFO,-17.0
WN,DAL,DTW,-19.0
WN,DAL,PIT,-13.0
WN,ATL,HOU,-14.0
WN,STL,CMH,2.0
WN,STL,RDU,-10.0
WN,MCO,CAK,69.0
AA,DFW,DCA,-24.0
AA,CLT,PHX,-8.0
AA,PHX,DEN,2.0
AA,PHX,IND,-23.0
AA,PHX,LAX,-10.0
AA,PHX,DFW,31.0
AA,CLT,MEM,0.0
AA,CLT,ILM,-10.0
AA,IAD,LAX,-8.0
B6,PIT,BOS,-2.0
B6,RSW,JFK,-7.0
B6,BOS,RSW,-18.0
B6,JFK,MCO,17.0
B6,PBI,JFK,20.0
AS,SEA,ANC,-18.0
AS,SEA,FAI,-9.0
AS,SEA,LAX,-5.0
AS,SEA,SAN,-8.0
AS,PDX,SAN,-5.0
AS,SEA,LAS,-18.0
AS,LAS,SEA,-20.0
AS,LAS,PDX,2.0
AS,DEN,SEA,-13.0
AS,SEA,DEN,17.0
DL,ATL,PBI,-4.0
AA,ORD,MCO,17.0
OO,ORD,MKE,1.0
UA,IAH,RSW,-12.0
DL,DTW,PDX,-38.0
DL,ATL,LFT,-8.0
EV,EWR,CLE,-11.0
F9,LAS,DEN,11.0
NK,ATL,PHL,-5.0
OO,SEA,BIL,-8.0
UA,EWR,ATL,-13.0
AA,DFW,TUL,-14.0
AA,MIA,LGA,7.0
AA,MIA,SFO,-20.0
AA,CLT,PIT,-4.0
B6,RSW,BOS,-4.0
B6,JFK,SFO,-13.0
B6,DCA,RSW,94.0
AA,MIA,SLC,-20.0
DL,ATL,PVD,-12.0
DL,SEA,ANC,-15.0
EV,EWR,STL,1.0
EV,ORD,LNK,-3.0
F9,PHL,MCO,-44.0
F9,SFO,DEN,-45.0
HA,HNL,OGG,-7.0
MQ,ORD,CMH,-17.0
MQ,ORD,FAR,-17.0
MQ,ORD,BNA,4.0
NK,CLE,LAS,2.0
OO,PDX,BOI,-4.0
OO,DTW,MKE,8.0
OO,SFO,PSC,-17.0
UA,EWR,ORD,-20.0
WN,BWI,ISP,-9.0
WN,FLL,ATL,9.0
WN,PBI,ATL,-18.0
WN,RSW,IND,9.0
AA,LGA,MIA,-11.0
AA,LAX,AUS,-18.0
AA,CLT,SAN,11.0
AA,DCA,JAX,-18.0
AA,CLT,TPA,6.0
AA,CLT,JAX,-10.0
AA,BOS,DCA,-7.0
AA,SFO,LAX,4.0
B6,JFK,FLL,91.0
B6,JFK,ABQ,11.0
B6,BDL,MCO,-30.0
B6,DCA,BOS,-25.0
B6,BOS,MCO,-16.0
UA,ORD,RSW,-8.0
UA,SFO,SEA,120.0
MQ,ORD,DBQ,-13.0
OO,DTW,FWA,-1.0
OO,DTW,SBN,-3.0
UA,EWR,SJU,-3.0
HA,HNL,KOA,-12.0
MQ,ORD,SGF,5.0
MQ,ORD,XNA,-12.0
OO,DTW,ESC,-27.0
AA,MIA,BDL,7.0
EV,DFW,TYS,-23.0
DL,ATL,PHX,-3.0
EV,DFW,BTR,3.0
F9,TPA,DEN,-23.0
MQ,DFW,CVG,-3.0
MQ,DFW,XNA,60.0
MQ,DFW,ABI,-3.0
NK,FLL,DTW,14.0
NK,FLL,MCO,-7.0
NK,FLL,LAS,-15.0
NK,DEN,DTW,17.0
UA,DEN,SFO,10.0
UA,EWR,SFO,-19.0
WN,BWI,FLL,-17.0
WN,BWI,RSW,-22.0
WN,BWI,TPA,-11.0
WN,FLL,SJU,31.0
WN,HOU,FLL,5.0
WN,HOU,JAX,17.0
WN,HOU,OAK,-7.0
WN,MDW,HOU,3.0
WN,RSW,ATL,27.0
AA,DFW,ELP,10.0
AA,AUS,LAX,44.0
AA,DFW,RIC,9.0
AA,ORD,SNA,-8.0
AA,DFW,AUS,2.0
AA,CLT,ORD,-19.0
B6,CLT,JFK,17.0
B6,MCO,BUF,38.0
B6,BOS,JFK,-9.0
B6,MCO,SYR,149.0
AA,ORD,SLC,-17.0
UA,MSY,LAX,-2.0
OO,EUG,SFO,-14.0
AA,ORD,TUL,4.0
NK,ACY,FLL,-9.0
OO,DTW,CIU,3.0
UA,SFO,PDX,-9.0
AA,MCO,LAX,20.0
EV,IAH,ORF,-29.0
OO,SFO,PHX,-14.0
AA,MIA,IAH,2.0
AA,MIA,BWI,-19.0
AA,MIA,DCA,6.0
MQ,DFW,GSP,-14.0
MQ,ORD,ALO,19.0
MQ,DFW,FWA,15.0
MQ,DFW,COU,13.0
NK,FLL,MYR,-8.0
NK,FLL,DEN,-11.0
OO,ATL,GRB,-11.0
WN,DEN,MSY,-22.0
WN,BNA,PNS,-13.0
WN,BWI,LIT,41.0
WN,BWI,MSY,-15.0
WN,STL,EWR,-31.0
WN,STL,PHL,-7.0
WN,TUL,DEN,-11.0
WN,DEN,SAT,2.0
WN,DTW,STL,3.0
WN,HOU,BHM,0.0
WN,SJU,MCO,-22.0
AA,ORD,STL,-11.0
AA,DFW,FLL,-17.0
AA,CLT,JFK,1.0
AA,DFW,MFE,-3.0
AA,DFW,PBI,-12.0
AA,DFW,CLE,-30.0
AA,DFW,RDU,-22.0
AA,DFW,BOS,-46.0
AA,CLT,PHL,-8.0
AA,CLT,MIA,-5.0
AA,CLT,EWR,-21.0
AS,JNU,SEA,-25.0
AS,PDX,SJC,-9.0
MQ,ORD,MHK,2.0
NK,FLL,LGA,-15.0
UA,ORD,PHX,6.0
UA,EWR,LAS,41.0
OO,RNO,LAX,-27.0
OO,SFO,SNA,-8.0
AA,DFW,MSY,-20.0
DL,DTW,MIA,-19.0
EV,IAH,GPT,-17.0
HA,OGG,HNL,-10.0
HA,ITO,HNL,-8.0
MQ,DFW,JAN,34.0
MQ,MIA,CVG,-2.0
AA,MIA,IAD,-4.0
AA,MIA,DEN,-9.0
AA,DFW,MIA,-5.0
DL,ATL,SNA,-4.0
EV,DFW,MLU,-16.0
F9,DTW,DEN,-27.0
MQ,ORD,BMI,19.0
MQ,DFW,MGM,23.0
MQ,DFW,GRI,-11.0
MQ,ORD,MLI,-12.0
MQ,ORD,CID,4.0
MQ,DFW,SGF,2.0
OO,PHX,SFO,-17.0
OO,RDM,SFO,-24.0
WN,STL,DTW,-16.0
WN,DEN,STL,-2.0
WN,DEN,TUL,17.0
WN,HOU,CLT,-22.0
WN,HOU,TPA,-10.0
AA,MIA,DFW,0.0
AA,DFW,STL,-24.0
AA,DFW,MKE,-24.0
AA,DFW,CMH,-23.0
AA,DFW,PHL,-30.0
AA,DFW,RSW,-20.0
AA,DFW,PHX,2.0
AA,CLT,RSW,22.0
AA,CLT,LAX,-12.0
AA,CLT,ORF,-13.0
AA,PHL,BOS,-19.0
B6,BOS,DTW,52.0
B6,BOS,BWI,-8.0
B6,LGB,OAK,14.0
B6,LGB,SMF,-3.0
B6,FLL,LGA,27.0
HA,KOA,HNL,9.0
MQ,ORD,TVC,98.0
MQ,ORD,CWA,-12.0
B6,BOS,TPA,25.0
MQ,ORD,CMI,-6.0
AA,MIA,MCO,-2.0
AA,MIA,MSP,12.0
AA,MIA,BOS,9.0
AA,MIA,LAS,1.0
EV,DFW,PIA,-12.0
MQ,DFW,MOB,8.0
MQ,ORD,DSM,0.0
EV,DFW,SHV,24.0
MQ,DFW,MHK,-23.0
NK,LAS,LAX,-2.0
UA,EWR,BOS,-17.0
WN,LAS,SEA,1.0
WN,MCO,MDW,-7.0
AA,DFW,ORD,-41.0
AA,ORD,LAX,5.0
AA,DFW,EWR,-34.0
AA,DCA,MIA,103.0
AA,DFW,BNA,29.0
AA,CLT,FLL,-6.0
AA,PHL,LAS,-3.0
AA,CLT,SFO,-11.0
AA,SLC,PHX,-9.0
AA,DFW,CLT,-19.0
AA,CLT,IAH,16.0
AA,CLT,BOS,-18.0
AA,CLT,BUF,-3.0
AA,CLT,BWI,-19.0
AA,CLT,LGA,-14.0
B6,FLL,SWF,12.0
AS,SEA,SJC,-10.0
AS,SEA,PHX,9.0
AS,SLC,PDX,-29.0
OO,LAX,SBA,-17.0
UA,SFO,SAN,-12.0
NK,DTW,RSW,-11.0
MQ,ORD,MSN,-11.0
MQ,ORD,COU,29.0
AA,MIA,SEA,-19.0
AA,MIA,TPA,30.0
AA,MIA,EWR,-3.0
EV,DFW,JLN,-18.0
EV,DFW,VPS,13.0
F9,DEN,STL,7.0
MQ,ORD,HSV,-7.0
MQ,DFW,GGG,-14.0
OO,ORD,ICT,-5.0
OO,SEA,BOI,-6.0
NK,FLL,DFW,-9.0
OO,SEA,MSO,-11.0
UA,IAH,MIA,-3.0
UA,SFO,LAS,-18.0
WN,CMH,MCO,0.0
WN,ATL,MCO,-7.0
WN,BWI,MCO,-15.0
WN,MCO,SJU,16.0
AA,DFW,DAY,-17.0
AA,ORD,TUS,-3.0
AA,DFW,SAT,-5.0
AA,ORD,MSP,-13.0
AA,DFW,IND,-23.0
AA,DFW,MCO,24.0
AA,PHL,LAX,7.0
AA,PHL,SAN,154.0
AS,SFO,SEA,4.0
AS,SFO,PDX,-15.0
UA,IAH,LAX,-22.0
UA,ANC,ORD,-20.0
DL,SJU,JFK,-16.0
MQ,ORD,GRB,-11.0
NK,MCO,DFW,232.0
B6,FLL,BOS,7.0
AA,MIA,JFK,15.0
B6,LGB,SFO,-4.0
B6,PBI,BOS,18.0
AS,OME,ANC,4.0
EV,DFW,GRK,-16.0
F9,DEN,DFW,0.0
OO,SFO,RDM,-13.0
OO,ORD,MKE,-11.0
WN,BWI,PBI,-12.0
WN,GRR,DEN,-10.0
WN,SAN,SFO,6.0
AA,DFW,IAH,-5.0
AA,CLT,ATL,-20.0
AA,PHL,SLC,-22.0
AA,CLT,SAT,-2.0
B6,JFK,JAX,-2.0
AA,DFW,DEN,-5.0
AS,SAN,SEA,-26.0
OO,SBP,LAX,-21.0
B6,JFK,DEN,0.0
B6,FLL,BDL,16.0
MQ,ORD,JAX,-25.0
MQ,ORD,ELP,31.0
UA,LAX,SFO,-16.0
B6,RDU,JFK,7.0
AS,KTN,JNU,-21.0
F9,MCO,PHL,15.0
F9,STL,LAS,-18.0
F9,IAH,LAS,-21.0
MQ,ORD,LSE,11.0
MQ,ORD,FAR,-12.0
NK,MCI,LAS,26.0
OO,SEA,SBA,-19.0
UA,LIH,DEN,-30.0
NK,FLL,BWI,29.0
WN,AUS,SAN,2.0
WN,BWI,BDL,-1.0
WN,BWI,MDW,29.0
WN,MDW,BDL,-22.0
WN,MDW,MEM,11.0
WN,MDW,ORF,-11.0
AA,MIA,LAX,2.0
AA,MIA,ORD,-9.0
AA,JFK,BOS,-19.0
AA,DFW,MSP,-10.0
AA,DFW,DTW,-20.0
AA,DFW,LAX,18.0
AA,CLT,STL,1.0
AA,PHL,ORD,-7.0
AA,PHL,RDU,86.0
AA,CLT,PVD,-6.0
B6,BOS,PBI,20.0
B6,DCA,MCO,20.0
B6,FLL,BWI,72.0
AS,PDX,LAX,-8.0
AA,ORD,BOS,-39.0
B6,MCO,PVD,-7.0
NK,SAN,DEN,2.0
OO,SLC,LAX,16.0
MQ,ORD,SUX,18.0
B6,SJU,JFK,-1.0
DL,ATL,BWI,-25.0
DL,ATL,LAX,6.0
EV,IAH,XNA,-21.0
F9,MSO,DEN,33.0
F9,CVG,LAS,-20.0
F9,DEN,IAH,21.0
HA,HNL,OGG,-6.0
NK,TPA,MSP,-16.0
UA,KOA,DEN,-50.0
NK,IAH,LAS,7.0
WN,ATL,SAT,-16.0
WN,BNA,PIT,-13.0
AA,DFW,OKC,-7.0
AA,ORD,PHX,-14.0
AA,PHL,JAX,-5.0
B6,MCO,HPN,67.0
B6,BOS,FLL,-4.0
AA,ORD,DFW,-22.0
B6,JFK,PDX,-13.0
DL,ATL,MSP,-25.0
DL,ATL,MDT,-19.0
B6,PBI,DCA,-13.0
EV,ATL,HPN,-8.0
HA,ITO,HNL,0.0
DL,ATL,FLL,-8.0
DL,ATL,MYR,-12.0
DL,ATL,RDU,-5.0
DL,ATL,JFK,-16.0
DL,ATL,ROA,8.0
NK,ORD,IAH,8.0
WN,BWI,MKE,2.0
WN,JAX,ATL,-2.0
AA,PHL,SFO,-18.0
AA,PHL,FLL,-1.0
AA,PHL,CLT,-12.0
B6,HPN,PBI,13.0
EV,MEI,PIB,-32.0
DL,ATL,AVP,-6.0
B6,JFK,PBI,-5.0
B6,MCO,JFK,-10.0
DL,ATL,SRQ,-14.0
DL,ATL,PNS,-2.0
DL,ATL,DEN,-21.0
EV,ATL,EWN,3.0
F9,MCO,TTN,-21.0
F9,LAX,MCO,-41.0
NK,ORD,ATL,6.0
NK,DFW,DTW,-11.0
OO,LAX,PHX,-12.0
UA,LAX,EWR,526.0
WN,DEN,BOI,-19.0
WN,DEN,ONT,-6.0
WN,ATL,AUS,9.0
WN,ATL,LGA,-25.0
WN,GSP,MDW,-15.0
WN,MCO,BHM,-1.0
WN,PHX,RNO,-14.0
WN,PHX,SMF,-5.0
AA,PHL,DFW,-24.0
AA,PHL,DEN,24.0
AA,PHX,ANC,-18.0
AA,PHL,PVD,8.0
B6,BUF,JFK,10.0
B6,MCO,DCA,-14.0
UA,EWR,TPA,-20.0
B6,MCO,RIC,97.0
DL,ATL,ROC,-23.0
HA,LIH,HNL,17.0
EV,IAH,VPS,12.0
AA,FLL,PHX,-21.0
DL,ATL,CAK,-16.0
DL,ATL,SAN,-11.0
DL,ATL,DFW,-14.0
F9,DEN,MSP,25.0
NK,FLL,ACY,10.0
NK,DEN,DFW,-7.0
NK,ATL,LAS,-6.0
OO,PHX,FLG,0.0
OO,SEA,SLC,-5.0
OO,ONT,PDX,-24.0
OO,BUR,PDX,-25.0
UA,EWR,BQN,-3.0
WN,AUS,HOU,-17.0
WN,DEN,TUS,7.0
WN,PHX,SEA,5.0
AA,DCA,DFW,-3.0
AA,LGA,MIA,-18.0
AA,LAS,LAX,-12.0
AA,PHX,SMF,7.0
AA,MCI,PHX,-1.0
AA,PHL,MCO,27.0
B6,JFK,SMF,-7.0
B6,DCA,TPA,25.0
AS,SEA,ANC,-25.0
AS,SEA,LAX,-1.0
AS,SAN,SLC,-14.0
DL,ATL,PBI,-8.0
B6,BOS,RDU,215.0
DL,ATL,FNT,-17.0
OO,PHX,PSP,-8.0
OO,PHX,FAT,-17.0
AA,DEN,PHX,-17.0
B6,FLL,DCA,23.0
DL,HNL,SLC,-28.0
DL,ATL,MDW,-25.0
DL,ATL,BDL,-25.0
DL,LAX,SFO,-15.0
EV,ATL,CRW,-20.0
EV,ATL,SHV,-15.0
F9,ORD,LAX,23.0
F9,DEN,SFO,-28.0
NK,RSW,ACY,-5.0
OO,PHX,MRY,-5.0
UA,SFO,EWR,-20.0
NK,PHL,DFW,19.0
AA,PHX,SEA,25.0
AA,BNA,LAX,19.0
AA,DCA,BOS,-13.0
AA,MIA,LGA,-2.0
B6,JFK,BOS,-15.0
B6,SAN,JFK,-33.0
B6,LGA,MCO,-28.0
B6,SFO,JFK,-23.0
AS,PDX,LAS,-11.0
NK,IAH,SAN,9.0
EV,ATL,CID,-17.0
DL,ATL,SAT,10.0
DL,ATL,EVV,-14.0
NK,MCO,DTW,174.0
NK,FLL,TPA,1.0
OO,PHX,BFL,-19.0
OO,SFO,SLC,-6.0
UA,HNL,DEN,-23.0
WN,ATL,PHX,-7.0
WN,ATL,RSW,-19.0
WN,MDW,MSP,21.0
AA,HNL,DFW,-22.0
AA,PHX,RNO,13.0
AA,PHX,OAK,0.0
AA,PHX,LAX,-11.0
EV,ATL,PHF,-16.0
DL,ATL,OMA,-14.0
HA,OGG,HNL,-4.0
DL,ATL,MLB,-10.0
EV,ATL,MGM,120.0
DL,ATL,MSY,-13.0
DL,ATL,OKC,-12.0
EV,ATL,MLI,-19.0
F9,PHL,ATL,-24.0
F9,PHX,DEN,-11.0
WN,ATL,HOU,4.0
WN,ATL,LAS,-13.0
AA,PHX,SLC,10.0
AA,PHX,SJC,15.0
AA,PHX,SNA,0.0
AA,PHX,GEG,-21.0
B6,EWR,MCO,-25.0
B6,SJU,MCO,-11.0
AS,SEA,FAI,-6.0
AS,SFO,SLC,-4.0
NK,ORD,PHL,-22.0
DL,ATL,HSV,-21.0
DL,ATL,SYR,-17.0
EV,ATL,PIA,1.0
F9,RSW,PHL,-4.0
F9,CLT,TTN,-19.0
F9,AUS,LAS,-13.0
NK,CLE,DFW,86.0
NK,FLL,LAX,10.0
OO,IAH,COS,-22.0
AA,SEA,MIA,6.0
AA,PHX,BOI,-14.0
AA,PHX,SAN,-7.0
AA,PHX,LAS,-14.0
AA,PHX,PDX,-16.0
B6,JFK,AUS,11.0
B6,MCO,EWR,30.0
B6,LAX,JFK,-9.0
B6,JFK,LAX,19.0
B6,FLL,JFK,0.0
AS,SEA,BLI,0.0
EV,IAH,LIT,-20.0
MQ,DFW,PNS,-22.0
UA,SFO,LAX,3.0
B6,JFK,SJU,53.0
B6,JFK,FLL,34.0
EV,IAH,JAN,0.0
EV,IAH,MLU,-15.0
OO,SFO,FAT,-23.0
OO,IAH,TUS,-12.0
UA,IAH,TPA,19.0
DL,ATL,FAY,-11.0
AA,PHX,SFO,-11.0
AA,PHX,ONT,22.0
AA,LAX,RDU,-36.0
B6,PDX,JFK,14.0
B6,LGB,JFK,-37.0
AS,SEA,SAN,-5.0
EV,IAH,BTR,-4.0
HA,KOA,HNL,-8.0
UA,IAH,SFO,10.0
UA,IAH,MFE,-9.0
OO,RHI,IMT,-13.0
DL,ATL,GRR,-15.0
DL,ATL,DAY,-17.0
EV,IAH,AMA,-5.0
NK,ORD,BWI,-19.0
WN,MDW,DSM,-17.0
B6,MCO,PSE,-6.0
OO,IAH,CRP,-6.0
AA,MIA,DCA,-14.0
AA,MIA,BOS,-3.0
AA,MIA,JFK,-16.0
AA,MIA,ATL,-5.0
AA,MIA,AUS,6.0
B6,EWR,FLL,-17.0
DL,ATL,LGA,-12.0
F9,IAH,DEN,-14.0
NK,MYR,ACY,-11.0
OO,HIB,INL,-22.0
UA,HNL,EWR,0.0
WN,ATL,PBI,-13.0
WN,BWI,ORF,-13.0
WN,STL,AUS,3.0
WN,STL,SAT,-12.0
AA,LAX,BOS,-33.0
AA,SFO,MIA,-24.0
B6,LGB,BOS,-44.0
B6,FLL,EWR,35.0
B6,JFK,SFO,0.0
AS,SEA,JFK,-30.0
AS,SEA,BOS,-6.0
AS,PDX,ANC,-2.0
AS,LAX,PDX,-17.0
UA,IAH,AUS,-9.0
UA,IAH,DEN,-7.0
AA,MIA,SJU,18.0
AA,MIA,PHL,33.0
DL,ATL,XNA,-9.0
NK,LAX,FLL,9.0
UA,EWR,FLL,-15.0
UA,IAH,SAT,-4.0
UA,IAH,OMA,-29.0
B6,FLL,JAX,71.0
B6,LAS,JFK,-35.0
AS,PDX,SFO,-24.0
AS,SEA,LAX,8.0
NK,TPA,FLL,90.0
OO,SBA,LAX,-30.0
UA,SFO,IAD,-30.0
B6,MCO,JFK,7.0
B6,LGA,FLL,4.0
AA,MIA,DFW,32.0
AA,MIA,DTW,7.0
AA,MIA,CLT,-26.0
NK,FLL,MSP,-4.0
OO,SEA,BOI,0.0
UA,OGG,LAX,-28.0
B6,BDL,FLL,7.0
AS,SEA,LAS,-15.0
AS,SEA,ANC,-26.0
NK,FLL,ORD,-15.0
AA,MIA,MSY,14.0
AA,MIA,LAX,-5.0
AA,MIA,EWR,5.0
AA,MIA,LAS,-8.0
DL,ATL,TYS,-14.0
DL,SFO,JFK,-28.0
F9,SFO,LAS,-2.0
F9,MCO,CLE,13.0
NK,FLL,PBG,-14.0
NK,OAK,LAX,-3.0
UA,HNL,LAX,-34.0
UA,IAH,PHX,-10.0
NK,MCO,FLL,12.0
WN,STL,TUL,-11.0
AA,PHL,FLL,39.0
B6,MCO,SJU,1.0
B6,MCO,BOS,-12.0
B6,BUR,JFK,-15.0
B6,SJU,FLL,-13.0
B6,PBI,JFK,78.0
B6,BOS,SJU,-16.0
AS,SEA,OAK,6.0
B6,JFK,TPA,-13.0
F9,DEN,LAS,20.0
HA,OGG,HNL,-4.0
UA,IAH,PDX,-27.0
NK,FLL,ATL,-8.0
AA,MIA,ORD,65.0
AA,MIA,SFO,6.0
AA,MIA,SEA,-21.0
AA,MIA,BWI,2.0
AA,MIA,TPA,-7.0
F9,MIA,DEN,-9.0
F9,ATL,LAS,-24.0
F9,ORD,LAS,-4.0
HA,HNL,LIH,-5.0
UA,OGG,SFO,-27.0
UA,PDX,EWR,-13.0
WN,HOU,ABQ,9.0
WN,HOU,AUS,15.0
AA,LAX,IND,-27.0
B6,RSW,JFK,-13.0
B6,EWR,PBI,-7.0
AS,ANC,SEA,-1.0
AS,SEA,SFO,-15.0
AS,SFO,PSP,-25.0
AS,OGG,PDX,-33.0
MQ,MIA,GNV,31.0
UA,IAH,SLC,-11.0
UA,SEA,IAD,-11.0
AA,MIA,IAH,5.0
DL,ATL,SLC,-20.0
DL,ATL,RSW,0.0
DL,ATL,MIA,-10.0
DL,ATL,MEM,-19.0
DL,ATL,SFO,-4.0
DL,ATL,FLL,-4.0
DL,ATL,CLT,-10.0
DL,ATL,BOS,-7.0
DL,ATL,BUF,-19.0
DL,ATL,SEA,-50.0
F9,LAS,CVG,41.0
HA,HNL,OGG,-10.0
NK,RSW,ORD,-7.0
NK,MCO,ACY,104.0
NK,ORD,PHX,-16.0
UA,HNL,SFO,-8.0
WN,HOU,LAX,7.0
WN,HOU,SAT,-6.0
WN,MDW,CLT,-7.0
AA,LAX,MIA,-15.0
AS,HNL,ANC,-43.0
B6,DCA,FLL,44.0
AS,SEA,SMF,-2.0
AS,SEA,LAX,-14.0
AS,PDX,LAX,-35.0
DL,ATL,DTW,-8.0
EV,ATL,BTR,-19.0
UA,LIH,LAX,-30.0
DL,ATL,CVG,-12.0
F9,MSP,DEN,-5.0
UA,KOA,LAX,-34.0
DL,ATL,MSP,-17.0
DL,ATL,MCO,1.0
NK,LGA,ORD,-18.0
NK,LAS,OAK,-7.0
AA,MIA,RDU,53.0
AA,MIA,MCO,0.0
DL,ATL,BWI,-19.0
DL,ATL,JAX,-4.0
DL,HNL,LAX,-17.0
DL,ATL,IAH,-10.0
DL,ATL,EWR,-6.0
DL,ATL,PBI,-15.0
HA,OGG,LAX,-34.0
UA,IAD,SJU,-20.0
AA,LAS,MIA,-25.0
AA,OGG,PHX,228.0
B6,JFK,PBI,-7.0
B6,SEA,JFK,12.0
B6,SAN,BOS,-36.0
DL,ATL,IAD,-2.0
EV,ATL,CAE,86.0
UA,DEN,BZN,-16.0
UA,SAN,EWR,-23.0
AA,CLT,LGA,-24.0
DL,ATL,PHL,0.0
DL,ATL,STL,-8.0
DL,ATL,DCA,-6.0
DL,ATL,CLE,-12.0
OO,LAX,MRY,-18.0
WN,MDW,ALB,17.0
AA,LAX,LAS,-7.0
AA,ORD,PHL,-28.0
AS,SEA,GEG,2.0
AS,LAX,BWI,-40.0
DL,ATL,CMH,-8.0
DL,ATL,LIT,0.0
DL,ATL,MCI,-15.0
UA,KOA,SFO,-28.0
DL,ATL,PIT,-3.0
DL,ATL,TUL,-7.0
DL,KOA,LAX,-2.0
DL,ATL,RDU,-3.0
DL,ATL,SAV,204.0
DL,ATL,CHA,528.0
DL,ATL,GSP,-10.0
F9,LAS,CLE,18.0
HA,HNL,LAX,-21.0
NK,MSP,LAS,5.0
WN,DEN,RNO,-13.0
AA,CLT,PHX,16.0
AA,HNL,PHX,-22.0
B6,FLL,JFK,-1.0
AS,LAS,SEA,-22.0
DL,ATL,TPA,-6.0
DL,ATL,ORF,-7.0
DL,ATL,BNA,-15.0
DL,ATL,BHM,-13.0
EV,ATL,GNV,-10.0
B6,MCO,BQN,-10.0
B6,SFO,FLL,-2.0
DL,ATL,GSO,-10.0
DL,ATL,MKE,40.0
DL,ATL,LAS,-14.0
NK,LAX,DTW,7.0
B6,JFK,FLL,10.0
DL,ATL,IND,-9.0
EV,ATL,AGS,10.0
EV,ATL,MOB,-15.0
DL,ATL,LEX,-17.0
NK,LAS,DTW,-24.0
UA,ITO,LAX,-38.0
OO,LAX,SMF,6.0
WN,DEN,LAX,-17.0
AA,CLT,PHL,-21.0
DL,ATL,CHS,0.0
DL,ATL,ORD,-17.0
DL,ATL,AVL,-13.0
DL,ATL,SDF,-10.0
DL,LIH,LAX,-24.0
DL,ATL,DFW,-13.0
DL,ATL,RIC,0.0
F9,ATL,DEN,119.0
OO,LAX,SBP,-14.0
AA,LAX,MCO,-16.0
AA,HNL,LAX,-29.0
AS,SEA,LAX,-16.0
UA,LAX,MCO,-28.0
B6,SMF,JFK,-20.0
DL,SAN,ATL,-13.0
NK,MYR,BOS,-15.0
OO,SFO,SMF,-5.0
UA,ORD,OMA,68.0
UA,SFO,MCO,-12.0
WN,ATL,PIT,-7.0
AA,PHX,JFK,-7.0
AA,CLT,MIA,-12.0
B6,OAK,JFK,-36.0
AS,SEA,PDX,-2.0
DL,SEA,ATL,1.0
OO,PHX,YUM,-20.0
NK,LAS,FLL,-12.0
OO,LAX,LAS,2.0
UA,SFO,EWR,-18.0
UA,HNL,SFO,-21.0
UA,SAN,ORD,-38.0
UA,SFO,PHL,-42.0
B6,SJU,JFK,4.0
B6,JFK,LAX,-5.0
B6,PHX,BOS,-45.0
DL,OGG,LAX,-28.0
OO,PHX,DRO,-9.0
OO,SFO,RDD,-10.0
UA,PDX,IAD,-16.0
WN,ATL,OKC,-7.0
WN,ATL,RIC,0.0
AA,LAX,TPA,-29.0
AA,PHL,PIT,20.0
B6,LAX,FLL,-15.0
AS,PDX,ANC,-33.0
B6,LAS,FLL,-2.0
DL,KOA,SEA,-19.0
UA,SFO,LAX,42.0
DL,LAX,JFK,-40.0
DL,SAN,DTW,-34.0
HA,HNL,LAS,-24.0
NK,LAX,BWI,-36.0
OO,JMS,DVL,-33.0
OO,SFO,EUG,-26.0
OO,SFO,ACV,-21.0
UA,SMF,IAD,39.0
UA,LAX,SFO,36.0
UA,SFO,SEA,-22.0
WN,ATL,CAK,-13.0
WN,ATL,PHL,-25.0
AA,PHX,DFW,-12.0
B6,JFK,BTV,-13.0
B6,JFK,ROC,-5.0
B6,JFK,PWM,-2.0
AS,HNL,SEA,-31.0
OO,SFO,MFR,0.0
UA,LAS,CLE,-46.0
AA,OGG,LAX,55.0
B6,SLC,JFK,-34.0
B6,JFK,SYR,-7.0
B6,JFK,BUF,13.0
DL,SEA,JFK,-10.0
UA,SFO,SAN,-15.0
UA,SFO,FLL,-18.0
DL,SJC,ATL,-17.0
DL,PDX,DTW,12.0
DL,SFO,ATL,-21.0
F9,DEN,MIA,0.0
F9,LAS,ORD,-18.0
UA,LAS,EWR,-30.0
UA,LAX,EWR,-24.0
WN,ATL,IND,-14.0
AA,PHX,DEN,3.0
AA,PHX,EWR,-17.0
HA,LIH,HNL,-10.0
DL,SFO,DTW,-24.0
B6,SJC,JFK,12.0
DL,SEA,DTW,16.0
DL,HNL,SEA,-28.0
OO,LAX,SAN,0.0
UA,OGG,DEN,-28.0
UA,SFO,LAS,-19.0
UA,SFO,RDU,-30.0
AA,LAX,ATL,-20.0
AS,ANC,ORD,0.0
UA,SEA,ORD,-3.0
HA,OGG,HNL,-19.0
UA,SFO,PDX,-16.0
UA,SFO,BOS,-29.0
AS,SEA,ANC,-17.0
AS,ANC,FAI,3.0
AS,LAS,SEA,-26.0
UA,SFO,IAD,-28.0
UA,SEA,EWR,19.0
UA,SFO,ORD,-12.0
DL,OGG,SEA,-21.0
NK,DFW,LAS,100.0
UA,OGG,LAX,-47.0
AS,ANC,LAS,13.0
OO,LAX,SBA,-19.0
UA,LAX,ORD,-16.0
B6,JFK,BOS,-15.0
UA,SFO,MSY,-4.0
F9,LAS,MIA,-21.0
NK,LAX,CLE,-30.0
UA,PDX,IAH,-17.0
AA,SEA,MIA,-1.0
AA,MIA,PHX,-24.0
AA,HNL,PHX,-22.0
AA,LIH,PHX,-32.0
AS,OGG,SEA,-40.0
B6,EWR,SJU,-24.0
AS,SEA,GEG,-3.0
UA,IAH,SJU,-4.0
UA,LAX,IAD,-38.0
B6,DEN,BOS,15.0
DL,HNL,SFO,-7.0
F9,LAX,ATL,32.0
NK,LAS,BOS,-39.0
VX,OGG,SFO,-37.0
AS,SEA,FAI,-34.0
OO,SFO,RNO,-28.0
UA,LAX,IAH,-15.0
AA,KOA,LAX,-2.0
NK,DFW,PHX,-6.0
B6,BOS,SJU,-15.0
OO,SFO,MRY,-18.0
UA,LAS,ORD,-39.0
UA,SFO,ATL,1.0
AA,OGG,PHX,234.0
AS,HNL,BLI,-39.0
UA,PHX,EWR,-39.0
B6,FLL,SJU,47.0
DL,ANC,MSP,1.0
F9,LAS,STL,-33.0
NK,LAS,ATL,4.0
UA,ANC,DEN,-14.0
AA,LAS,JFK,-30.0
B6,MCO,PSE,-16.0
UA,HNL,LAX,-7.0
F9,LAS,MCO,-14.0
AA,PHX,FLL,2.0
AA,PHX,PHL,-19.0
AS,FAI,SEA,-3.0
B6,MCO,BQN,20.0
UA,SFO,IAH,-26.0
B6,SEA,BOS,0.0
DL,LAS,CVG,-37.0
DL,SLC,JFK,-24.0
UA,DEN,EWR,-35.0
AA,KOA,PHX,-22.0
AA,LAS,MIA,6.0
AA,LAX,IAD,-26.0
DL,HNL,PDX,-16.0
DL,LAX,ATL,11.0
UA,HNL,SFO,2.0
AA,HNL,PHX,-22.0
B6,LAX,JFK,-12.0
AS,ANC,LAX,-23.0
AS,SEA,DFW,6.0
AS,LIH,SEA,-48.0
UA,LAX,EWR,-48.0
UA,SFO,EWR,-26.0
DL,PDX,ATL,-15.0
F9,DEN,PBI,-12.0
F9,DEN,ATL,-9.0
NK,LAS,BWI,-23.0
NK,DEN,FLL,-16.0
OO,LAX,AUS,-19.0
UA,LAX,ORD,-14.0
AA,LAX,MIA,-17.0
B6,PHX,JFK,-15.0
AS,SEA,MSP,28.0
AS,LAS,ANC,-62.0
AS,SEA,ANC,-27.0
AS,LAX,ANC,-45.0
AS,LAX,SEA,-19.0
AS,KOA,SEA,-38.0
NK,FLL,BQN,28.0
DL,PHX,DTW,-31.0
F9,DEN,RSW,-12.0
F9,DEN,MCO,-21.0
F9,DEN,RDU,-18.0
F9,DEN,TPA,-9.0
UA,SEA,IAH,-6.0
UA,LAS,IAD,-29.0
UA,PDX,IAH,-19.0
UA,LAS,EWR,-24.0
AA,DEN,MIA,-18.0
AA,LAX,ORD,-19.0
B6,LAS,JFK,159.0
B6,RNO,JFK,-21.0
B6,SLC,MCO,17.0
B6,DEN,JFK,-11.0
B6,ABQ,JFK,3.0
B6,LAX,BOS,-26.0
B6,JFK,PSE,-16.0
B6,JFK,SJU,-8.0
B6,MCO,SJU,-10.0
B6,JFK,BQN,2.0
